{
    "vaccinated_abs": {
        "Baden-W\u00fcrttemberg": 450121.0,
        "Bayern": 633229.0,
        "Berlin": 160458.0,
        "Brandenburg": 94758.0,
        "Bremen": 32009.0,
        "Hamburg": 89986.0,
        "Hessen": 245548.0,
        "Mecklenburg-Vorpommern": 74504.0,
        "Niedersachsen": 326099.0,
        "Nordrhein-Westfalen": 780556.0,
        "Rheinland-Pfalz": 192263.0,
        "Saarland": 45457.0,
        "Sachsen": 184278.0,
        "Sachsen-Anhalt": 89004.0,
        "Schleswig-Holstein": 131419.0,
        "Th\u00fcringen": 103593.0,
        "Total": 3633282.0
    },
    "inhabitants": {
        "Baden-W\u00fcrttemberg": 11100394,
        "Bayern": 13124737,
        "Berlin": 3669491,
        "Brandenburg": 2521893,
        "Bremen": 681202,
        "Hamburg": 1847253,
        "Hessen": 6288080,
        "Mecklenburg-Vorpommern": 1608138,
        "Niedersachsen": 7993608,
        "Nordrhein-Westfalen": 17947221,
        "Rheinland-Pfalz": 4093903,
        "Saarland": 986887,
        "Sachsen": 4071971,
        "Sachsen-Anhalt": 2194782,
        "Schleswig-Holstein": 2903773,
        "Th\u00fcringen": 2133378,
        "Total": 83166711
    },
    "vaccinated_rel": {
        "Baden-W\u00fcrttemberg": 4.0550002099,
        "Bayern": 4.8246985825,
        "Berlin": 4.3727590557,
        "Brandenburg": 3.7574155605,
        "Bremen": 4.6988998858,
        "Hamburg": 4.8713413918,
        "Hessen": 3.9049757637,
        "Mecklenburg-Vorpommern": 4.6329357306,
        "Niedersachsen": 4.0794970181,
        "Nordrhein-Westfalen": 4.3491747274,
        "Rheinland-Pfalz": 4.6963252427,
        "Saarland": 4.6060997865,
        "Sachsen": 4.525523389,
        "Sachsen-Anhalt": 4.0552546904,
        "Schleswig-Holstein": 4.5258014314,
        "Th\u00fcringen": 4.8558202063,
        "Total": 4.3686734227
    },
    "Timestamp": "2021-02-26T06:00:12.109125"
}