{
    "vaccinated_abs": {
        "Baden-W\u00fcrttemberg": 463497,
        "Bayern": 616286,
        "Berlin": 168156,
        "Brandenburg": 88753,
        "Bremen": 30586,
        "Hamburg": 81708,
        "Hessen": 267929,
        "Mecklenburg-Vorpommern": 65875,
        "Niedersachsen": 333007,
        "Nordrhein-Westfalen": 702656,
        "Rheinland-Pfalz": 170145,
        "Saarland": 38257,
        "Sachsen": 197848,
        "Sachsen-Anhalt": 82616,
        "Schleswig-Holstein": 103844,
        "Th\u00fcringen": 105803,
        "Bund": 20,
        "Total": 3516986
    },
    "inhabitants": {
        "Baden-W\u00fcrttemberg": 11100394.0,
        "Bayern": 13124737.0,
        "Berlin": 3669491.0,
        "Brandenburg": 2521893.0,
        "Bremen": 681202.0,
        "Hamburg": 1847253.0,
        "Hessen": 6288080.0,
        "Mecklenburg-Vorpommern": 1608138.0,
        "Niedersachsen": 7993608.0,
        "Nordrhein-Westfalen": 17947221.0,
        "Rheinland-Pfalz": 4093903.0,
        "Saarland": 986887.0,
        "Sachsen": 4071971.0,
        "Sachsen-Anhalt": 2194782.0,
        "Schleswig-Holstein": 2903773.0,
        "Th\u00fcringen": 2133378.0,
        "Bund": null,
        "Total": 83166711.0
    },
    "vaccinated_rel": {
        "Baden-W\u00fcrttemberg": 4.1755004372,
        "Bayern": 4.695606472,
        "Berlin": 4.5825429194,
        "Brandenburg": 3.5193007792,
        "Bremen": 4.4900044333,
        "Hamburg": 4.4232165275,
        "Hessen": 4.2609031692,
        "Mecklenburg-Vorpommern": 4.0963524275,
        "Niedersachsen": 4.1659160669,
        "Nordrhein-Westfalen": 3.9151242412,
        "Rheinland-Pfalz": 4.1560584117,
        "Saarland": 3.8765329769,
        "Sachsen": 4.8587772359,
        "Sachsen-Anhalt": 3.764200727,
        "Schleswig-Holstein": 3.5761748594,
        "Th\u00fcringen": 4.9594117873,
        "Bund": null,
        "Total": 4.2288386275
    },
    "Timestamp": "2021-03-24T17:00:07.420988"
}