{
    "vaccinated_abs": {
        "Baden-W\u00fcrttemberg": 253549.0,
        "Bayern": 350581.0,
        "Berlin": 106021.0,
        "Brandenburg": 76861.0,
        "Bremen": 20384.0,
        "Hamburg": 50848.0,
        "Hessen": 143294.0,
        "Mecklenburg-Vorpommern": 59064.0,
        "Niedersachsen": 164196.0,
        "Nordrhein-Westfalen": 393599.0,
        "Rheinland-Pfalz": 144075.0,
        "Saarland": 23632.0,
        "Sachsen": 98202.0,
        "Sachsen-Anhalt": 54328.0,
        "Schleswig-Holstein": 93628.0,
        "Th\u00fcringen": 59427.0,
        "Total": 2091689.0
    },
    "inhabitants": {
        "Baden-W\u00fcrttemberg": 11100394,
        "Bayern": 13124737,
        "Berlin": 3669491,
        "Brandenburg": 2521893,
        "Bremen": 681202,
        "Hamburg": 1847253,
        "Hessen": 6288080,
        "Mecklenburg-Vorpommern": 1608138,
        "Niedersachsen": 7993608,
        "Nordrhein-Westfalen": 17947221,
        "Rheinland-Pfalz": 4093903,
        "Saarland": 986887,
        "Sachsen": 4071971,
        "Sachsen-Anhalt": 2194782,
        "Schleswig-Holstein": 2903773,
        "Th\u00fcringen": 2133378,
        "Total": 83166711
    },
    "vaccinated_rel": {
        "Baden-W\u00fcrttemberg": 2.2841441484,
        "Bayern": 2.671146858,
        "Berlin": 2.8892563028,
        "Brandenburg": 3.0477502416,
        "Bremen": 2.9923576267,
        "Hamburg": 2.7526278209,
        "Hessen": 2.2788196079,
        "Mecklenburg-Vorpommern": 3.6728191237,
        "Niedersachsen": 2.0540912189,
        "Nordrhein-Westfalen": 2.1930916213,
        "Rheinland-Pfalz": 3.5192577841,
        "Saarland": 2.394600395,
        "Sachsen": 2.4116576469,
        "Sachsen-Anhalt": 2.4753255676,
        "Schleswig-Holstein": 3.2243567249,
        "Th\u00fcringen": 2.7855823019,
        "Total": 2.5150555731
    },
    "Timestamp": "2021-02-05T08:00:07.017402"
}