{
    "vaccinated_rel": {
        "Baden-W\u00fcrttemberg": 6.0385063809,
        "Bayern": 6.5648477375,
        "Berlin": 7.3458689502,
        "Brandenburg": 5.5682378277,
        "Bremen": 6.2759651322,
        "Hamburg": 5.7554108723,
        "Hessen": 6.6418684241,
        "Mecklenburg-Vorpommern": 5.6873228541,
        "Niedersachsen": 5.9461384646,
        "Nordrhein-Westfalen": 5.9160301196,
        "Rheinland-Pfalz": 5.1987064667,
        "Saarland": 6.2449905612,
        "Sachsen": 7.0062385022,
        "Sachsen-Anhalt": 5.3333315108,
        "Schleswig-Holstein": 5.0697144715,
        "Th\u00fcringen": 7.3046595587,
        "ImpfzentrenBund": "-",
        "Total": 6.1527694657
    },
    "vaccinated_abs": {
        "Total": 5117056.0
    },
    "Timestamp": "2021-04-13T19:00:04.410286"
}