{
    "vaccinated_rel": {
        "Baden-W\u00fcrttemberg": 39.025830975,
        "Bayern": 40.5836627431,
        "Berlin": 37.0466367134,
        "Brandenburg": 34.8650795256,
        "Bremen": 40.6049894158,
        "Hamburg": 38.0410804584,
        "Hessen": 39.9645837839,
        "Mecklenburg-Vorpommern": 41.5390967691,
        "Niedersachsen": 40.737186512,
        "Nordrhein-Westfalen": 42.1401396907,
        "Rheinland-Pfalz": 38.2262598796,
        "Saarland": 43.8787824746,
        "Sachsen": 34.5445240155,
        "Sachsen-Anhalt": 37.9669598165,
        "Schleswig-Holstein": 36.276699315,
        "Th\u00fcringen": 36.7705113674,
        "ImpfzentrenBund": "-",
        "Total": 39.729321507
    },
    "vaccinated_abs": {
        "Total": 33041570.0
    },
    "Timestamp": "2021-05-23T13:00:02.302783"
}