{
    "vaccinated_rel": {
        "Baden-W\u00fcrttemberg": 32.5637089999,
        "Bayern": 33.8797341234,
        "Berlin": 30.1980029383,
        "Brandenburg": 29.1727285813,
        "Bremen": 34.5298457726,
        "Hamburg": 33.1717961752,
        "Hessen": 33.1650360682,
        "Mecklenburg-Vorpommern": 35.5146137956,
        "Niedersachsen": 34.4471482715,
        "Nordrhein-Westfalen": 35.2387926799,
        "Rheinland-Pfalz": 31.9068136202,
        "Saarland": 37.4878785514,
        "Sachsen": 29.1324766311,
        "Sachsen-Anhalt": 32.6850229317,
        "Schleswig-Holstein": 31.0189191786,
        "Th\u00fcringen": 30.3050842373,
        "ImpfzentrenBund": "-",
        "Total": 33.2908018931
    },
    "vaccinated_abs": {
        "Total": 27686865.0
    },
    "Timestamp": "2021-05-11T14:00:02.167800"
}