{
    "vaccinated_abs": {
        "Baden-W\u00fcrttemberg": 1216957,
        "Bayern": 1497538,
        "Berlin": 427106,
        "Brandenburg": 306085,
        "Bremen": 86878,
        "Hamburg": 219143,
        "Hessen": 690920,
        "Mecklenburg-Vorpommern": 166043,
        "Niedersachsen": 871164,
        "Nordrhein-Westfalen": 1837983,
        "Rheinland-Pfalz": 493446,
        "Saarland": 127312,
        "Sachsen": 391014,
        "Sachsen-Anhalt": 244033,
        "Schleswig-Holstein": 364427,
        "Th\u00fcringen": 269478,
        "Bund": 6960,
        "Total": 9216487
    },
    "inhabitants": {
        "Baden-W\u00fcrttemberg": 11100394.0,
        "Bayern": 13124737.0,
        "Berlin": 3669491.0,
        "Brandenburg": 2521893.0,
        "Bremen": 681202.0,
        "Hamburg": 1847253.0,
        "Hessen": 6288080.0,
        "Mecklenburg-Vorpommern": 1608138.0,
        "Niedersachsen": 7993608.0,
        "Nordrhein-Westfalen": 17947221.0,
        "Rheinland-Pfalz": 4093903.0,
        "Saarland": 986887.0,
        "Sachsen": 4071971.0,
        "Sachsen-Anhalt": 2194782.0,
        "Schleswig-Holstein": 2903773.0,
        "Th\u00fcringen": 2133378.0,
        "Bund": null,
        "Total": 83166711.0
    },
    "vaccinated_rel": {
        "Baden-W\u00fcrttemberg": 10.9631874328,
        "Bayern": 11.4100419688,
        "Berlin": 11.6393799576,
        "Brandenburg": 12.1371128751,
        "Bremen": 12.7536325495,
        "Hamburg": 11.8631827909,
        "Hessen": 10.9877736924,
        "Mecklenburg-Vorpommern": 10.3251710985,
        "Niedersachsen": 10.8982577079,
        "Nordrhein-Westfalen": 10.2410451178,
        "Rheinland-Pfalz": 12.0531922715,
        "Saarland": 12.9003624528,
        "Sachsen": 9.6025732993,
        "Sachsen-Anhalt": 11.1187808174,
        "Schleswig-Holstein": 12.5501201368,
        "Th\u00fcringen": 12.6315167776,
        "Bund": null,
        "Total": 11.0819423892
    },
    "Timestamp": "2021-03-31T03:00:06.688054"
}