{
    "vaccinated_abs": {
        "Baden-W\u00fcrttemberg": 371095.0,
        "Bayern": 509111.0,
        "Berlin": 141437.0,
        "Brandenburg": 82975.0,
        "Bremen": 26869.0,
        "Hamburg": 71301.0,
        "Hessen": 207453.0,
        "Mecklenburg-Vorpommern": 66232.0,
        "Niedersachsen": 249974.0,
        "Nordrhein-Westfalen": 650785.0,
        "Rheinland-Pfalz": 162362.0,
        "Saarland": 37646.0,
        "Sachsen": 139917.0,
        "Sachsen-Anhalt": 73040.0,
        "Schleswig-Holstein": 113317.0,
        "Th\u00fcringen": 88278.0,
        "Total": 2991792.0
    },
    "inhabitants": {
        "Baden-W\u00fcrttemberg": 11100394,
        "Bayern": 13124737,
        "Berlin": 3669491,
        "Brandenburg": 2521893,
        "Bremen": 681202,
        "Hamburg": 1847253,
        "Hessen": 6288080,
        "Mecklenburg-Vorpommern": 1608138,
        "Niedersachsen": 7993608,
        "Nordrhein-Westfalen": 17947221,
        "Rheinland-Pfalz": 4093903,
        "Saarland": 986887,
        "Sachsen": 4071971,
        "Sachsen-Anhalt": 2194782,
        "Schleswig-Holstein": 2903773,
        "Th\u00fcringen": 2133378,
        "Total": 83166711
    },
    "vaccinated_rel": {
        "Baden-W\u00fcrttemberg": 3.3430795339,
        "Bayern": 3.8790186805,
        "Berlin": 3.8544037852,
        "Brandenburg": 3.2901871729,
        "Bremen": 3.9443513084,
        "Hamburg": 3.8598394481,
        "Hessen": 3.2991469574,
        "Mecklenburg-Vorpommern": 4.1185520148,
        "Niedersachsen": 3.1271736117,
        "Nordrhein-Westfalen": 3.6261045652,
        "Rheinland-Pfalz": 3.965946433,
        "Saarland": 3.8146211268,
        "Sachsen": 3.4361001098,
        "Sachsen-Anhalt": 3.3278931575,
        "Schleswig-Holstein": 3.9024055944,
        "Th\u00fcringen": 4.1379446118,
        "Total": 3.5973431726
    },
    "Timestamp": "2021-02-18T08:00:06.509618"
}