{
    "vaccinated_abs": {
        "Baden-W\u00fcrttemberg": 1421665,
        "Bayern": 1693785,
        "Berlin": 487011,
        "Brandenburg": 357347,
        "Bremen": 106519,
        "Hamburg": 241908,
        "Hessen": 773784,
        "Mecklenburg-Vorpommern": 186794,
        "Niedersachsen": 1001007,
        "Nordrhein-Westfalen": 2313386,
        "Rheinland-Pfalz": 554729,
        "Saarland": 147936,
        "Sachsen": 470039,
        "Sachsen-Anhalt": 296609,
        "Schleswig-Holstein": 436079,
        "Th\u00fcringen": 305079,
        "Bund": 6960,
        "Total": 10800637
    },
    "inhabitants": {
        "Baden-W\u00fcrttemberg": 11100394.0,
        "Bayern": 13124737.0,
        "Berlin": 3669491.0,
        "Brandenburg": 2521893.0,
        "Bremen": 681202.0,
        "Hamburg": 1847253.0,
        "Hessen": 6288080.0,
        "Mecklenburg-Vorpommern": 1608138.0,
        "Niedersachsen": 7993608.0,
        "Nordrhein-Westfalen": 17947221.0,
        "Rheinland-Pfalz": 4093903.0,
        "Saarland": 986887.0,
        "Sachsen": 4071971.0,
        "Sachsen-Anhalt": 2194782.0,
        "Schleswig-Holstein": 2903773.0,
        "Th\u00fcringen": 2133378.0,
        "Bund": null,
        "Total": 83166711.0
    },
    "vaccinated_rel": {
        "Baden-W\u00fcrttemberg": 12.80733819,
        "Bayern": 12.9052871688,
        "Berlin": 13.2718952029,
        "Brandenburg": 14.1697922949,
        "Bremen": 15.6369182709,
        "Hamburg": 13.095553235,
        "Hessen": 12.3055686314,
        "Mecklenburg-Vorpommern": 11.615545432,
        "Niedersachsen": 12.5225930518,
        "Nordrhein-Westfalen": 12.8899398965,
        "Rheinland-Pfalz": 13.5501256381,
        "Saarland": 14.9901660474,
        "Sachsen": 11.543279655,
        "Sachsen-Anhalt": 13.5142806894,
        "Schleswig-Holstein": 15.0176683921,
        "Th\u00fcringen": 14.3002787129,
        "Bund": null,
        "Total": 12.986730953
    },
    "Timestamp": "2021-04-08T05:00:05.017640"
}