{
    "vaccinated_abs": {
        "Baden-W\u00fcrttemberg": 24063,
        "Bayern": 57833,
        "Berlin": 14616,
        "Brandenburg": 3219,
        "Bremen": 1837,
        "Hamburg": 3704,
        "Hessen": 30085,
        "Mecklenburg-Vorpommern": 11494,
        "Niedersachsen": 4962,
        "Nordrhein-Westfalen": 48691,
        "Rheinland-Pfalz": 7248,
        "Saarland": 4149,
        "Sachsen": 4343,
        "Sachsen-Anhalt": 12822,
        "Schleswig-Holstein": 8933,
        "Th\u00fcringen": 810,
        "Total": 238809
    },
    "inhabitants": {
        "Baden-W\u00fcrttemberg": 11100394,
        "Bayern": 13124737,
        "Berlin": 3669491,
        "Brandenburg": 2521893,
        "Bremen": 681202,
        "Hamburg": 1847253,
        "Hessen": 6288080,
        "Mecklenburg-Vorpommern": 1608138,
        "Niedersachsen": 7993608,
        "Nordrhein-Westfalen": 17947221,
        "Rheinland-Pfalz": 4093903,
        "Saarland": 986887,
        "Sachsen": 4071971,
        "Sachsen-Anhalt": 2194782,
        "Schleswig-Holstein": 2903773,
        "Th\u00fcringen": 2133378,
        "Total": 83166711
    },
    "vaccinated_rel": {
        "Baden-W\u00fcrttemberg": 0.2167760892,
        "Bayern": 0.4406412106,
        "Berlin": 0.3983113734,
        "Brandenburg": 0.1276422116,
        "Bremen": 0.2696703768,
        "Hamburg": 0.2005139523,
        "Hessen": 0.4784449307,
        "Mecklenburg-Vorpommern": 0.7147396554,
        "Niedersachsen": 0.0620745976,
        "Nordrhein-Westfalen": 0.2713010555,
        "Rheinland-Pfalz": 0.1770437648,
        "Saarland": 0.420412874,
        "Sachsen": 0.1066559659,
        "Sachsen-Anhalt": 0.584203807,
        "Schleswig-Holstein": 0.30763424,
        "Th\u00fcringen": 0.037967955,
        "Total": 0.2871449371
    },
    "Timestamp": "2021-01-04T01:00:06.388688"
}