{
    "vaccinated_abs": {
        "Baden-W\u00fcrttemberg": 238118.0,
        "Bayern": 326562.0,
        "Berlin": 107576.0,
        "Brandenburg": 73696.0,
        "Bremen": 19214.0,
        "Hamburg": 49847.0,
        "Hessen": 119705.0,
        "Mecklenburg-Vorpommern": 46978.0,
        "Niedersachsen": 155493.0,
        "Nordrhein-Westfalen": 341290.0,
        "Rheinland-Pfalz": 135687.0,
        "Saarland": 22207.0,
        "Sachsen": 85686.0,
        "Sachsen-Anhalt": 50118.0,
        "Schleswig-Holstein": 84537.0,
        "Th\u00fcringen": 54149.0,
        "Total": 1910863.0
    },
    "inhabitants": {
        "Baden-W\u00fcrttemberg": 11100394,
        "Bayern": 13124737,
        "Berlin": 3669491,
        "Brandenburg": 2521893,
        "Bremen": 681202,
        "Hamburg": 1847253,
        "Hessen": 6288080,
        "Mecklenburg-Vorpommern": 1608138,
        "Niedersachsen": 7993608,
        "Nordrhein-Westfalen": 17947221,
        "Rheinland-Pfalz": 4093903,
        "Saarland": 986887,
        "Sachsen": 4071971,
        "Sachsen-Anhalt": 2194782,
        "Schleswig-Holstein": 2903773,
        "Th\u00fcringen": 2133378,
        "Total": 83166711
    },
    "vaccinated_rel": {
        "Baden-W\u00fcrttemberg": 2.1451310647,
        "Bayern": 2.4881412862,
        "Berlin": 2.9316327523,
        "Brandenburg": 2.9222492786,
        "Bremen": 2.8206024057,
        "Hamburg": 2.6984392501,
        "Hessen": 1.9036812509,
        "Mecklenburg-Vorpommern": 2.9212667072,
        "Niedersachsen": 1.9452167282,
        "Nordrhein-Westfalen": 1.9016314559,
        "Rheinland-Pfalz": 3.3143677317,
        "Saarland": 2.2502069639,
        "Sachsen": 2.1042880708,
        "Sachsen-Anhalt": 2.2835069724,
        "Schleswig-Holstein": 2.9112812882,
        "Th\u00fcringen": 2.5381812318,
        "Total": 2.2976296369
    },
    "Timestamp": "2021-02-26T06:00:12.993349"
}