{
    "vaccinated_abs": {
        "Baden-W\u00fcrttemberg": 467993.0,
        "Bayern": 656391.0,
        "Berlin": 164172.0,
        "Brandenburg": 99269.0,
        "Bremen": 32768.0,
        "Hamburg": 92826.0,
        "Hessen": 254350.0,
        "Mecklenburg-Vorpommern": 77222.0,
        "Niedersachsen": 341396.0,
        "Nordrhein-Westfalen": 803674.0,
        "Rheinland-Pfalz": 198884.0,
        "Saarland": 47298.0,
        "Sachsen": 190984.0,
        "Sachsen-Anhalt": 91857.0,
        "Schleswig-Holstein": 134647.0,
        "Th\u00fcringen": 106175.0,
        "Total": 3759906.0
    },
    "inhabitants": {
        "Baden-W\u00fcrttemberg": 11100394,
        "Bayern": 13124737,
        "Berlin": 3669491,
        "Brandenburg": 2521893,
        "Bremen": 681202,
        "Hamburg": 1847253,
        "Hessen": 6288080,
        "Mecklenburg-Vorpommern": 1608138,
        "Niedersachsen": 7993608,
        "Nordrhein-Westfalen": 17947221,
        "Rheinland-Pfalz": 4093903,
        "Saarland": 986887,
        "Sachsen": 4071971,
        "Sachsen-Anhalt": 2194782,
        "Schleswig-Holstein": 2903773,
        "Th\u00fcringen": 2133378,
        "Total": 83166711
    },
    "vaccinated_rel": {
        "Baden-W\u00fcrttemberg": 4.216003504,
        "Bayern": 5.0011744997,
        "Berlin": 4.4739720032,
        "Brandenburg": 3.9362891288,
        "Bremen": 4.8103205804,
        "Hamburg": 5.0250831911,
        "Hessen": 4.0449548988,
        "Mecklenburg-Vorpommern": 4.8019510763,
        "Niedersachsen": 4.2708624191,
        "Nordrhein-Westfalen": 4.4779857561,
        "Rheinland-Pfalz": 4.8580535494,
        "Saarland": 4.7926459666,
        "Sachsen": 4.6902102201,
        "Sachsen-Anhalt": 4.1852448216,
        "Schleswig-Holstein": 4.6369671458,
        "Th\u00fcringen": 4.9768489222,
        "Total": 4.5209266482
    },
    "Timestamp": "2021-02-27T08:00:03.731198"
}