{
    "vaccinated_abs": {
        "Baden-W\u00fcrttemberg": 180411.0,
        "Bayern": 290683.0,
        "Berlin": 78060.0,
        "Brandenburg": 61879.0,
        "Bremen": 16475.0,
        "Hamburg": 36210.0,
        "Hessen": 104288.0,
        "Mecklenburg-Vorpommern": 51199.0,
        "Niedersachsen": 135010.0,
        "Nordrhein-Westfalen": 292154.0,
        "Rheinland-Pfalz": 129595.0,
        "Saarland": 18072.0,
        "Sachsen": 73723.0,
        "Sachsen-Anhalt": 43795.0,
        "Schleswig-Holstein": 85536.0,
        "Th\u00fcringen": 41335.0,
        "Total": 1638425.0
    },
    "inhabitants": {
        "Baden-W\u00fcrttemberg": 11100394,
        "Bayern": 13124737,
        "Berlin": 3669491,
        "Brandenburg": 2521893,
        "Bremen": 681202,
        "Hamburg": 1847253,
        "Hessen": 6288080,
        "Mecklenburg-Vorpommern": 1608138,
        "Niedersachsen": 7993608,
        "Nordrhein-Westfalen": 17947221,
        "Rheinland-Pfalz": 4093903,
        "Saarland": 986887,
        "Sachsen": 4071971,
        "Sachsen-Anhalt": 2194782,
        "Schleswig-Holstein": 2903773,
        "Th\u00fcringen": 2133378,
        "Total": 83166711
    },
    "vaccinated_rel": {
        "Baden-W\u00fcrttemberg": 1.6252666347,
        "Bayern": 2.2147719989,
        "Berlin": 2.1272705124,
        "Brandenburg": 2.4536726975,
        "Bremen": 2.4185190296,
        "Hamburg": 1.9602079412,
        "Hessen": 1.6585030725,
        "Mecklenburg-Vorpommern": 3.1837441812,
        "Niedersachsen": 1.6889744906,
        "Nordrhein-Westfalen": 1.6278509079,
        "Rheinland-Pfalz": 3.1655610795,
        "Saarland": 1.831212692,
        "Sachsen": 1.8104991416,
        "Sachsen-Anhalt": 1.9954145788,
        "Schleswig-Holstein": 2.9456848039,
        "Th\u00fcringen": 1.9375375578,
        "Total": 1.97004905
    },
    "Timestamp": "2021-01-26T21:00:03.826081"
}