{
    "vaccinated_rel": {
        "Baden-W\u00fcrttemberg": 21.2927396991,
        "Bayern": 22.8696849316,
        "Berlin": 21.1980898713,
        "Brandenburg": 21.5715734173,
        "Bremen": 24.6539205698,
        "Hamburg": 22.6653847632,
        "Hessen": 20.200220099,
        "Mecklenburg-Vorpommern": 22.8476038748,
        "Niedersachsen": 21.6865150255,
        "Nordrhein-Westfalen": 23.0829831538,
        "Rheinland-Pfalz": 22.3663335453,
        "Saarland": 24.7422450595,
        "Sachsen": 21.6337984725,
        "Sachsen-Anhalt": 23.1848083318,
        "Schleswig-Holstein": 22.4106360931,
        "Th\u00fcringen": 21.7382948545,
        "ImpfzentrenBund": "-",
        "Total": 22.2401220123
    },
    "vaccinated_abs": {
        "Total": 18496378.0
    },
    "Timestamp": "2021-04-23T18:00:02.152352"
}