{
    "vaccinated_abs": {
        "Baden-W\u00fcrttemberg": 455523,
        "Bayern": 601757,
        "Berlin": 164349,
        "Brandenburg": 87140,
        "Bremen": 29914,
        "Hamburg": 80632,
        "Hessen": 253214,
        "Mecklenburg-Vorpommern": 63941,
        "Niedersachsen": 320430,
        "Nordrhein-Westfalen": 688159,
        "Rheinland-Pfalz": 158948,
        "Saarland": 37517,
        "Sachsen": 188715,
        "Sachsen-Anhalt": 80505,
        "Schleswig-Holstein": 102372,
        "Th\u00fcringen": 103476,
        "Bund": 20,
        "Total": 3416612
    },
    "inhabitants": {
        "Baden-W\u00fcrttemberg": 11100394.0,
        "Bayern": 13124737.0,
        "Berlin": 3669491.0,
        "Brandenburg": 2521893.0,
        "Bremen": 681202.0,
        "Hamburg": 1847253.0,
        "Hessen": 6288080.0,
        "Mecklenburg-Vorpommern": 1608138.0,
        "Niedersachsen": 7993608.0,
        "Nordrhein-Westfalen": 17947221.0,
        "Rheinland-Pfalz": 4093903.0,
        "Saarland": 986887.0,
        "Sachsen": 4071971.0,
        "Sachsen-Anhalt": 2194782.0,
        "Schleswig-Holstein": 2903773.0,
        "Th\u00fcringen": 2133378.0,
        "Bund": null,
        "Total": 83166711.0
    },
    "vaccinated_rel": {
        "Baden-W\u00fcrttemberg": 4.1036651492,
        "Bayern": 4.5849071109,
        "Berlin": 4.4787955605,
        "Brandenburg": 3.4553408888,
        "Bremen": 4.3913552808,
        "Hamburg": 4.3649678739,
        "Hessen": 4.0268889709,
        "Mecklenburg-Vorpommern": 3.9760891167,
        "Niedersachsen": 4.0085778537,
        "Nordrhein-Westfalen": 3.8343485044,
        "Rheinland-Pfalz": 3.8825541299,
        "Saarland": 3.8015497215,
        "Sachsen": 4.6344878193,
        "Sachsen-Anhalt": 3.6680180537,
        "Schleswig-Holstein": 3.5254821916,
        "Th\u00fcringen": 4.8503359461,
        "Bund": null,
        "Total": 4.1081485115
    },
    "Timestamp": "2021-03-23T18:00:12.626373"
}