{
    "vaccinated_abs": {
        "Baden-W\u00fcrttemberg": 76041.0,
        "Bayern": 144734.0,
        "Berlin": 36764.0,
        "Brandenburg": 17458.0,
        "Bremen": 6604.0,
        "Hamburg": 13961.0,
        "Hessen": 51643.0,
        "Mecklenburg-Vorpommern": 17923.0,
        "Niedersachsen": 61103.0,
        "Nordrhein-Westfalen": 135089.0,
        "Rheinland-Pfalz": 29372.0,
        "Saarland": 10644.0,
        "Sachsen": 23985.0,
        "Sachsen-Anhalt": 24010.0,
        "Schleswig-Holstein": 17160.0,
        "Th\u00fcringen": 13158.0,
        "Total": 679649.0
    },
    "inhabitants": {
        "Baden-W\u00fcrttemberg": 11100394,
        "Bayern": 13124737,
        "Berlin": 3669491,
        "Brandenburg": 2521893,
        "Bremen": 681202,
        "Hamburg": 1847253,
        "Hessen": 6288080,
        "Mecklenburg-Vorpommern": 1608138,
        "Niedersachsen": 7993608,
        "Nordrhein-Westfalen": 17947221,
        "Rheinland-Pfalz": 4093903,
        "Saarland": 986887,
        "Sachsen": 4071971,
        "Sachsen-Anhalt": 2194782,
        "Schleswig-Holstein": 2903773,
        "Th\u00fcringen": 2133378,
        "Total": 83166711
    },
    "vaccinated_rel": {
        "Baden-W\u00fcrttemberg": 0.6850297386,
        "Bayern": 1.1027573353,
        "Berlin": 1.0018828224,
        "Brandenburg": 0.6922577603,
        "Bremen": 0.9694628025,
        "Hamburg": 0.7557708663,
        "Hessen": 0.8212840804,
        "Mecklenburg-Vorpommern": 1.1145187789,
        "Niedersachsen": 0.7643982542,
        "Nordrhein-Westfalen": 0.7527014907,
        "Rheinland-Pfalz": 0.7174571552,
        "Saarland": 1.0785429335,
        "Sachsen": 0.5890267883,
        "Sachsen-Anhalt": 1.0939583066,
        "Schleswig-Holstein": 0.5909552847,
        "Th\u00fcringen": 0.6167683364,
        "Total": 0.8172127908
    },
    "Timestamp": "2021-02-04T07:00:10.560389"
}