{
    "vaccinated_rel": {
        "Baden-W\u00fcrttemberg": 31.4747476531,
        "Bayern": 32.8728872815,
        "Berlin": 29.3144471536,
        "Brandenburg": 28.6169159437,
        "Bremen": 33.109121817,
        "Hamburg": 32.1831930981,
        "Hessen": 31.7464472462,
        "Mecklenburg-Vorpommern": 34.7603874792,
        "Niedersachsen": 33.4432336437,
        "Nordrhein-Westfalen": 34.0043954437,
        "Rheinland-Pfalz": 31.1535715429,
        "Saarland": 36.2993939529,
        "Sachsen": 28.5952183844,
        "Sachsen-Anhalt": 32.1357200852,
        "Schleswig-Holstein": 30.2593556728,
        "Th\u00fcringen": 29.393384576,
        "ImpfzentrenBund": "-",
        "Total": 32.2684541415
    },
    "vaccinated_abs": {
        "Total": 26836612.0
    },
    "Timestamp": "2021-05-09T18:00:01.985074"
}