{
    "vaccinated_rel": {
        "Baden-W\u00fcrttemberg": 18.4203731868,
        "Bayern": 18.7112777955,
        "Berlin": 18.4001813876,
        "Brandenburg": 19.0367711874,
        "Bremen": 22.4008443898,
        "Hamburg": 18.4158315076,
        "Hessen": 16.6990082823,
        "Mecklenburg-Vorpommern": 18.8476362103,
        "Niedersachsen": 16.9331545905,
        "Nordrhein-Westfalen": 18.6993908416,
        "Rheinland-Pfalz": 19.9139549716,
        "Saarland": 22.0910803365,
        "Sachsen": 21.7007684976,
        "Sachsen-Anhalt": 18.3933985243,
        "Schleswig-Holstein": 20.5967201982,
        "Th\u00fcringen": 20.119734993,
        "ImpfzentrenBund": "-",
        "Total": 18.7624252689
    },
    "vaccinated_abs": {
        "Total": 15604092.0
    },
    "Timestamp": "2021-06-02T22:00:02.813865"
}