{
    "vaccinated_abs": {
        "Baden-W\u00fcrttemberg": 561123,
        "Bayern": 749965,
        "Berlin": 219662,
        "Brandenburg": 104602,
        "Bremen": 37298,
        "Hamburg": 94353,
        "Hessen": 347698,
        "Mecklenburg-Vorpommern": 78222,
        "Niedersachsen": 422360,
        "Nordrhein-Westfalen": 874021,
        "Rheinland-Pfalz": 184405,
        "Saarland": 50294,
        "Sachsen": 260102,
        "Sachsen-Anhalt": 103549,
        "Schleswig-Holstein": 118642,
        "Th\u00fcringen": 127854,
        "Bund": 20,
        "Total": 4334170
    },
    "inhabitants": {
        "Baden-W\u00fcrttemberg": 11100394.0,
        "Bayern": 13124737.0,
        "Berlin": 3669491.0,
        "Brandenburg": 2521893.0,
        "Bremen": 681202.0,
        "Hamburg": 1847253.0,
        "Hessen": 6288080.0,
        "Mecklenburg-Vorpommern": 1608138.0,
        "Niedersachsen": 7993608.0,
        "Nordrhein-Westfalen": 17947221.0,
        "Rheinland-Pfalz": 4093903.0,
        "Saarland": 986887.0,
        "Sachsen": 4071971.0,
        "Sachsen-Anhalt": 2194782.0,
        "Schleswig-Holstein": 2903773.0,
        "Th\u00fcringen": 2133378.0,
        "Bund": null,
        "Total": 83166711.0
    },
    "vaccinated_rel": {
        "Baden-W\u00fcrttemberg": 5.054982733,
        "Bayern": 5.714133548,
        "Berlin": 5.986170834,
        "Brandenburg": 4.1477572601,
        "Bremen": 5.4753215639,
        "Hamburg": 5.1077464754,
        "Hessen": 5.5294779965,
        "Mecklenburg-Vorpommern": 4.8641347944,
        "Niedersachsen": 5.2837216936,
        "Nordrhein-Westfalen": 4.8699517324,
        "Rheinland-Pfalz": 4.5043812714,
        "Saarland": 5.0962268223,
        "Sachsen": 6.3876191653,
        "Sachsen-Anhalt": 4.7179628774,
        "Schleswig-Holstein": 4.0857876976,
        "Th\u00fcringen": 5.9930307709,
        "Bund": null,
        "Total": 5.2114240757
    },
    "Timestamp": "2021-04-05T00:00:08.288725"
}