{
    "vaccinated_abs": {
        "Baden-W\u00fcrttemberg": 42899.0,
        "Bayern": 84349.0,
        "Berlin": 24159.0,
        "Brandenburg": 8182.0,
        "Bremen": 3825.0,
        "Hamburg": 7079.0,
        "Hessen": 44122.0,
        "Mecklenburg-Vorpommern": 21713.0,
        "Niedersachsen": 22608.0,
        "Nordrhein-Westfalen": 79578.0,
        "Rheinland-Pfalz": 15984.0,
        "Saarland": 6511.0,
        "Sachsen": 13006.0,
        "Sachsen-Anhalt": 17624.0,
        "Schleswig-Holstein": 20078.0,
        "Th\u00fcringen": 5343.0,
        "Total": 417060.0
    },
    "inhabitants": {
        "Baden-W\u00fcrttemberg": 11100394,
        "Bayern": 13124737,
        "Berlin": 3669491,
        "Brandenburg": 2521893,
        "Bremen": 681202,
        "Hamburg": 1847253,
        "Hessen": 6288080,
        "Mecklenburg-Vorpommern": 1608138,
        "Niedersachsen": 7993608,
        "Nordrhein-Westfalen": 17947221,
        "Rheinland-Pfalz": 4093903,
        "Saarland": 986887,
        "Sachsen": 4071971,
        "Sachsen-Anhalt": 2194782,
        "Schleswig-Holstein": 2903773,
        "Th\u00fcringen": 2133378,
        "Total": 83166711
    },
    "vaccinated_rel": {
        "Baden-W\u00fcrttemberg": 0.3864637598,
        "Bayern": 0.6426719255,
        "Berlin": 0.6583746901,
        "Brandenburg": 0.3244388243,
        "Bremen": 0.561507453,
        "Hamburg": 0.3832176751,
        "Hessen": 0.7016768235,
        "Mecklenburg-Vorpommern": 1.3501950703,
        "Niedersachsen": 0.282825978,
        "Nordrhein-Westfalen": 0.4434001231,
        "Rheinland-Pfalz": 0.3904342629,
        "Saarland": 0.659751319,
        "Sachsen": 0.3194030606,
        "Sachsen-Anhalt": 0.8029954683,
        "Schleswig-Holstein": 0.6914452335,
        "Th\u00fcringen": 0.2504478812,
        "Total": 0.5014746826
    },
    "Timestamp": "2021-01-08T01:00:04.716065"
}