{
    "vaccinated_abs": {
        "Baden-W\u00fcrttemberg": 901203,
        "Bayern": 1165547,
        "Berlin": 309722,
        "Brandenburg": 194383,
        "Bremen": 62780,
        "Hamburg": 158446,
        "Hessen": 521814,
        "Mecklenburg-Vorpommern": 122095,
        "Niedersachsen": 617005,
        "Nordrhein-Westfalen": 1405958,
        "Rheinland-Pfalz": 357518,
        "Saarland": 93122,
        "Sachsen": 319475,
        "Sachsen-Anhalt": 166659,
        "Schleswig-Holstein": 253027,
        "Th\u00fcringen": 186462,
        "Bund": 6064,
        "Total": 6835216
    },
    "inhabitants": {
        "Baden-W\u00fcrttemberg": 11100394.0,
        "Bayern": 13124737.0,
        "Berlin": 3669491.0,
        "Brandenburg": 2521893.0,
        "Bremen": 681202.0,
        "Hamburg": 1847253.0,
        "Hessen": 6288080.0,
        "Mecklenburg-Vorpommern": 1608138.0,
        "Niedersachsen": 7993608.0,
        "Nordrhein-Westfalen": 17947221.0,
        "Rheinland-Pfalz": 4093903.0,
        "Saarland": 986887.0,
        "Sachsen": 4071971.0,
        "Sachsen-Anhalt": 2194782.0,
        "Schleswig-Holstein": 2903773.0,
        "Th\u00fcringen": 2133378.0,
        "Bund": null,
        "Total": 83166711.0
    },
    "vaccinated_rel": {
        "Baden-W\u00fcrttemberg": 8.1186577702,
        "Bayern": 8.8805360443,
        "Berlin": 8.4404621785,
        "Brandenburg": 7.7078210693,
        "Bremen": 9.2160621959,
        "Hamburg": 8.5773849061,
        "Hessen": 8.2984631239,
        "Mecklenburg-Vorpommern": 7.592321057,
        "Niedersachsen": 7.7187297651,
        "Nordrhein-Westfalen": 7.8338479255,
        "Rheinland-Pfalz": 8.7329377369,
        "Saarland": 9.4359333946,
        "Sachsen": 7.8457091173,
        "Sachsen-Anhalt": 7.5934193009,
        "Schleswig-Holstein": 8.7137320996,
        "Th\u00fcringen": 8.7402232516,
        "Bund": null,
        "Total": 8.2186922121
    },
    "Timestamp": "2021-03-17T20:00:06.336321"
}