{
    "vaccinated_rel": {
        "Baden-W\u00fcrttemberg": 35.8012877741,
        "Bayern": 37.4068448,
        "Berlin": 33.2883770528,
        "Brandenburg": 31.9410458731,
        "Bremen": 37.5812167316,
        "Hamburg": 35.6534270076,
        "Hessen": 36.478098243,
        "Mecklenburg-Vorpommern": 38.8376495052,
        "Niedersachsen": 37.7445829218,
        "Nordrhein-Westfalen": 38.5972736392,
        "Rheinland-Pfalz": 34.93942089,
        "Saarland": 41.0355998204,
        "Sachsen": 31.4446984028,
        "Sachsen-Anhalt": 35.2535240402,
        "Schleswig-Holstein": 34.081624149,
        "Th\u00fcringen": 33.2729127234,
        "ImpfzentrenBund": "-",
        "Total": 36.4970643122
    },
    "vaccinated_abs": {
        "Total": 30353408.0
    },
    "Timestamp": "2021-05-16T06:00:01.727360"
}