{
    "vaccinated_abs": {
        "Baden-W\u00fcrttemberg": 1393889,
        "Bayern": 1663332,
        "Berlin": 478282,
        "Brandenburg": 349164,
        "Bremen": 103778,
        "Hamburg": 236183,
        "Hessen": 761066,
        "Mecklenburg-Vorpommern": 182258,
        "Niedersachsen": 974690,
        "Nordrhein-Westfalen": 2241822,
        "Rheinland-Pfalz": 540318,
        "Saarland": 143877,
        "Sachsen": 457526,
        "Sachsen-Anhalt": 286491,
        "Schleswig-Holstein": 428030,
        "Th\u00fcringen": 299603,
        "Bund": 6960,
        "Total": 10547269
    },
    "inhabitants": {
        "Baden-W\u00fcrttemberg": 11100394.0,
        "Bayern": 13124737.0,
        "Berlin": 3669491.0,
        "Brandenburg": 2521893.0,
        "Bremen": 681202.0,
        "Hamburg": 1847253.0,
        "Hessen": 6288080.0,
        "Mecklenburg-Vorpommern": 1608138.0,
        "Niedersachsen": 7993608.0,
        "Nordrhein-Westfalen": 17947221.0,
        "Rheinland-Pfalz": 4093903.0,
        "Saarland": 986887.0,
        "Sachsen": 4071971.0,
        "Sachsen-Anhalt": 2194782.0,
        "Schleswig-Holstein": 2903773.0,
        "Th\u00fcringen": 2133378.0,
        "Bund": null,
        "Total": 83166711.0
    },
    "vaccinated_rel": {
        "Baden-W\u00fcrttemberg": 12.5571128376,
        "Bayern": 12.6732596623,
        "Berlin": 13.0340147993,
        "Brandenburg": 13.8453138178,
        "Bremen": 15.2345412961,
        "Hamburg": 12.7856335867,
        "Hessen": 12.1033129349,
        "Mecklenburg-Vorpommern": 11.3334800869,
        "Niedersachsen": 12.1933675006,
        "Nordrhein-Westfalen": 12.4911929262,
        "Rheinland-Pfalz": 13.1981143667,
        "Saarland": 14.5788727585,
        "Sachsen": 11.2359837533,
        "Sachsen-Anhalt": 13.0532781843,
        "Schleswig-Holstein": 14.7404773032,
        "Th\u00fcringen": 14.0435965872,
        "Bund": null,
        "Total": 12.6820802136
    },
    "Timestamp": "2021-04-07T00:00:05.680991"
}