{
    "vaccinated_abs": {
        "Baden-W\u00fcrttemberg": 361212.0,
        "Bayern": 494480.0,
        "Berlin": 139157.0,
        "Brandenburg": 81989.0,
        "Bremen": 26078.0,
        "Hamburg": 69666.0,
        "Hessen": 201494.0,
        "Mecklenburg-Vorpommern": 64738.0,
        "Niedersachsen": 234102.0,
        "Nordrhein-Westfalen": 629227.0,
        "Rheinland-Pfalz": 155134.0,
        "Saarland": 36043.0,
        "Sachsen": 135382.0,
        "Sachsen-Anhalt": 70918.0,
        "Schleswig-Holstein": 110702.0,
        "Th\u00fcringen": 85742.0,
        "Total": 2896064.0
    },
    "inhabitants": {
        "Baden-W\u00fcrttemberg": 11100394,
        "Bayern": 13124737,
        "Berlin": 3669491,
        "Brandenburg": 2521893,
        "Bremen": 681202,
        "Hamburg": 1847253,
        "Hessen": 6288080,
        "Mecklenburg-Vorpommern": 1608138,
        "Niedersachsen": 7993608,
        "Nordrhein-Westfalen": 17947221,
        "Rheinland-Pfalz": 4093903,
        "Saarland": 986887,
        "Sachsen": 4071971,
        "Sachsen-Anhalt": 2194782,
        "Schleswig-Holstein": 2903773,
        "Th\u00fcringen": 2133378,
        "Total": 83166711
    },
    "vaccinated_rel": {
        "Baden-W\u00fcrttemberg": 3.2540466582,
        "Bayern": 3.767542161,
        "Berlin": 3.7922698271,
        "Brandenburg": 3.2510895585,
        "Bremen": 3.8282330351,
        "Hamburg": 3.7713296446,
        "Hessen": 3.2043803514,
        "Mecklenburg-Vorpommern": 4.02564954,
        "Niedersachsen": 2.9286149634,
        "Nordrhein-Westfalen": 3.5059856899,
        "Rheinland-Pfalz": 3.7893911995,
        "Saarland": 3.652191183,
        "Sachsen": 3.3247289826,
        "Sachsen-Anhalt": 3.2312092955,
        "Schleswig-Holstein": 3.8123503456,
        "Th\u00fcringen": 4.0190721007,
        "Total": 3.4822394263
    },
    "Timestamp": "2021-02-18T03:00:05.956045"
}