{
    "vaccinated_abs": {
        "Baden-W\u00fcrttemberg": 65488,
        "Bayern": 120136,
        "Berlin": 32014,
        "Brandenburg": 14063,
        "Bremen": 6303,
        "Hamburg": 12695,
        "Hessen": 54361,
        "Mecklenburg-Vorpommern": 25141,
        "Niedersachsen": 45342,
        "Nordrhein-Westfalen": 114762,
        "Rheinland-Pfalz": 29994,
        "Saarland": 9157,
        "Sachsen": 19756,
        "Sachsen-Anhalt": 21914,
        "Schleswig-Holstein": 31431,
        "Th\u00fcringen": 10790,
        "Total": 613347
    },
    "inhabitants": {
        "Baden-W\u00fcrttemberg": 11100394,
        "Bayern": 13124737,
        "Berlin": 3669491,
        "Brandenburg": 2521893,
        "Bremen": 681202,
        "Hamburg": 1847253,
        "Hessen": 6288080,
        "Mecklenburg-Vorpommern": 1608138,
        "Niedersachsen": 7993608,
        "Nordrhein-Westfalen": 17947221,
        "Rheinland-Pfalz": 4093903,
        "Saarland": 986887,
        "Sachsen": 4071971,
        "Sachsen-Anhalt": 2194782,
        "Schleswig-Holstein": 2903773,
        "Th\u00fcringen": 2133378,
        "Total": 83166711
    },
    "vaccinated_rel": {
        "Baden-W\u00fcrttemberg": 0.589961041,
        "Bayern": 0.9153402464,
        "Berlin": 0.8724370764,
        "Brandenburg": 0.5576366642,
        "Bremen": 0.9252762029,
        "Hamburg": 0.6872366698,
        "Hessen": 0.8645087213,
        "Mecklenburg-Vorpommern": 1.5633608558,
        "Niedersachsen": 0.5672282153,
        "Nordrhein-Westfalen": 0.6394416161,
        "Rheinland-Pfalz": 0.7326504805,
        "Saarland": 0.9278671216,
        "Sachsen": 0.4851704494,
        "Sachsen-Anhalt": 0.9984590725,
        "Schleswig-Holstein": 1.0824193213,
        "Th\u00fcringen": 0.5057706604,
        "Total": 0.7374909896
    },
    "Timestamp": "2021-01-11T17:00:07.313464"
}