{
    "vaccinated_rel": {
        "Baden-W\u00fcrttemberg": 41.424871946,
        "Bayern": 41.9904185509,
        "Berlin": 40.3620284121,
        "Brandenburg": 37.5348597264,
        "Bremen": 43.3151987223,
        "Hamburg": 40.4476268275,
        "Hessen": 42.3492067531,
        "Mecklenburg-Vorpommern": 43.3958404067,
        "Niedersachsen": 42.5296436853,
        "Nordrhein-Westfalen": 44.9439776777,
        "Rheinland-Pfalz": 40.5206718381,
        "Saarland": 45.7417110571,
        "Sachsen": 36.7252369921,
        "Sachsen-Anhalt": 40.1306826828,
        "Schleswig-Holstein": 41.6389297648,
        "Th\u00fcringen": 39.9837722148,
        "ImpfzentrenBund": "-",
        "Total": 42.1546633003
    },
    "vaccinated_abs": {
        "Total": 35058647.0
    },
    "Timestamp": "2021-05-31T07:00:02.608330"
}