{
    "vaccinated_rel": {
        "Baden-W\u00fcrttemberg": 6.8674319128,
        "Bayern": 6.8706824373,
        "Berlin": 8.509272812,
        "Brandenburg": 6.9551721663,
        "Bremen": 7.7584916075,
        "Hamburg": 5.8791621938,
        "Hessen": 7.3764487729,
        "Mecklenburg-Vorpommern": 6.5514899841,
        "Niedersachsen": 6.521560727,
        "Nordrhein-Westfalen": 6.8930616055,
        "Rheinland-Pfalz": 6.9715134921,
        "Saarland": 8.0170272787,
        "Sachsen": 7.8423692114,
        "Sachsen-Anhalt": 6.1827097179,
        "Schleswig-Holstein": 6.8704061922,
        "Th\u00fcringen": 9.1489178195,
        "ImpfzentrenBund": "-",
        "Total": 7.0411152847
    },
    "vaccinated_abs": {
        "Total": 5855864.0
    },
    "Timestamp": "2021-04-25T02:00:03.290505"
}