{
    "vaccinated_rel": {
        "Baden-W\u00fcrttemberg": 14.521880935,
        "Bayern": 14.6480878055,
        "Berlin": 15.657375914,
        "Brandenburg": 15.1844269364,
        "Bremen": 18.4673562321,
        "Hamburg": 14.4221175984,
        "Hessen": 13.1255804634,
        "Mecklenburg-Vorpommern": 14.1622796054,
        "Niedersachsen": 13.1054712715,
        "Nordrhein-Westfalen": 13.7893214777,
        "Rheinland-Pfalz": 16.1706811324,
        "Saarland": 17.1691389186,
        "Sachsen": 18.6807568129,
        "Sachsen-Anhalt": 14.243555852,
        "Schleswig-Holstein": 17.4236071484,
        "Th\u00fcringen": 17.5352891049,
        "ImpfzentrenBund": "-",
        "Total": 14.7584121729
    },
    "vaccinated_abs": {
        "Total": 12274086.0
    },
    "Timestamp": "2021-05-26T12:00:03.562572"
}