{
    "vaccinated_rel": {
        "Baden-W\u00fcrttemberg": 13.1609292427,
        "Bayern": 12.4608211197,
        "Berlin": 14.5224501164,
        "Brandenburg": 14.0407622369,
        "Bremen": 16.8847126109,
        "Hamburg": 12.5106847844,
        "Hessen": 11.6073268788,
        "Mecklenburg-Vorpommern": 12.6219889089,
        "Niedersachsen": 11.5678301963,
        "Nordrhein-Westfalen": 12.2063354544,
        "Rheinland-Pfalz": 14.7712830519,
        "Saarland": 14.6169723585,
        "Sachsen": 16.8469520043,
        "Sachsen-Anhalt": 13.0037971881,
        "Schleswig-Holstein": 15.1411628939,
        "Th\u00fcringen": 16.5275914536,
        "ImpfzentrenBund": "-",
        "Total": 13.1252419012
    },
    "vaccinated_abs": {
        "Total": 10915832.0
    },
    "Timestamp": "2021-05-22T06:00:03.324263"
}