{
    "vaccinated_rel": {
        "Baden-W\u00fcrttemberg": 8.1983035917,
        "Bayern": 8.0481231738,
        "Berlin": 10.2740407321,
        "Brandenburg": 8.5036121675,
        "Bremen": 10.8020822018,
        "Hamburg": 7.6957514753,
        "Hessen": 8.0955235938,
        "Mecklenburg-Vorpommern": 7.7069256494,
        "Niedersachsen": 7.5447032179,
        "Nordrhein-Westfalen": 8.0352384361,
        "Rheinland-Pfalz": 9.8865556903,
        "Saarland": 9.1616365399,
        "Sachsen": 11.2084786458,
        "Sachsen-Anhalt": 8.2004499764,
        "Schleswig-Holstein": 9.9016693109,
        "Th\u00fcringen": 12.6321730139,
        "ImpfzentrenBund": "-",
        "Total": 8.5917621535
    },
    "vaccinated_abs": {
        "Total": 7145486.0
    },
    "Timestamp": "2021-05-06T12:00:03.156938"
}