{
    "vaccinated_abs": {
        "Baden-W\u00fcrttemberg": 254302.0,
        "Bayern": 344192.0,
        "Berlin": 112990.0,
        "Brandenburg": 74701.0,
        "Bremen": 19956.0,
        "Hamburg": 51868.0,
        "Hessen": 126985.0,
        "Mecklenburg-Vorpommern": 48997.0,
        "Niedersachsen": 165970.0,
        "Nordrhein-Westfalen": 378048.0,
        "Rheinland-Pfalz": 138409.0,
        "Saarland": 22653.0,
        "Sachsen": 91335.0,
        "Sachsen-Anhalt": 52352.0,
        "Schleswig-Holstein": 88793.0,
        "Th\u00fcringen": 57496.0,
        "Total": 2029047.0
    },
    "inhabitants": {
        "Baden-W\u00fcrttemberg": 11100394,
        "Bayern": 13124737,
        "Berlin": 3669491,
        "Brandenburg": 2521893,
        "Bremen": 681202,
        "Hamburg": 1847253,
        "Hessen": 6288080,
        "Mecklenburg-Vorpommern": 1608138,
        "Niedersachsen": 7993608,
        "Nordrhein-Westfalen": 17947221,
        "Rheinland-Pfalz": 4093903,
        "Saarland": 986887,
        "Sachsen": 4071971,
        "Sachsen-Anhalt": 2194782,
        "Schleswig-Holstein": 2903773,
        "Th\u00fcringen": 2133378,
        "Total": 83166711
    },
    "vaccinated_rel": {
        "Baden-W\u00fcrttemberg": 2.2909276914,
        "Bayern": 2.6224677874,
        "Berlin": 3.0791736511,
        "Brandenburg": 2.9621002953,
        "Bremen": 2.9295275117,
        "Hamburg": 2.807844946,
        "Hessen": 2.0194558593,
        "Mecklenburg-Vorpommern": 3.046815634,
        "Niedersachsen": 2.0762839509,
        "Nordrhein-Westfalen": 2.1064431089,
        "Rheinland-Pfalz": 3.3808568498,
        "Saarland": 2.2953995746,
        "Sachsen": 2.2430169567,
        "Sachsen-Anhalt": 2.385293847,
        "Schleswig-Holstein": 3.0578492189,
        "Th\u00fcringen": 2.695068572,
        "Total": 2.4397345712
    },
    "Timestamp": "2021-02-27T09:00:07.606241"
}