{
    "vaccinated_rel": {
        "Baden-W\u00fcrttemberg": 22.9426270815,
        "Bayern": 24.6038072991,
        "Berlin": 22.4083122155,
        "Brandenburg": 22.4932223532,
        "Bremen": 25.9627834328,
        "Hamburg": 24.5203012257,
        "Hessen": 22.0249901401,
        "Mecklenburg-Vorpommern": 24.7991154988,
        "Niedersachsen": 23.8619782206,
        "Nordrhein-Westfalen": 24.877467102,
        "Rheinland-Pfalz": 23.7571579004,
        "Saarland": 26.3912687065,
        "Sachsen": 22.685770601,
        "Sachsen-Anhalt": 24.3955891747,
        "Schleswig-Holstein": 23.3727292044,
        "Th\u00fcringen": 22.708727661,
        "ImpfzentrenBund": "-",
        "Total": 23.8731936868
    },
    "vaccinated_abs": {
        "Total": 19854550.0
    },
    "Timestamp": "2021-04-28T11:00:02.474780"
}