{
    "vaccinated_rel": {
        "Baden-W\u00fcrttemberg": 32.1405708662,
        "Bayern": 33.3817736691,
        "Berlin": 29.7215608377,
        "Brandenburg": 28.7682308488,
        "Bremen": 34.1075040884,
        "Hamburg": 32.7583714846,
        "Hessen": 32.5751580769,
        "Mecklenburg-Vorpommern": 34.9857412734,
        "Niedersachsen": 33.9058657868,
        "Nordrhein-Westfalen": 34.6018751315,
        "Rheinland-Pfalz": 31.4338664106,
        "Saarland": 36.8563979463,
        "Sachsen": 28.8472584898,
        "Sachsen-Anhalt": 32.2974673567,
        "Schleswig-Holstein": 30.6307690029,
        "Th\u00fcringen": 29.9247484506,
        "ImpfzentrenBund": "-",
        "Total": 32.7851825233
    },
    "vaccinated_abs": {
        "Total": 27266358.0
    },
    "Timestamp": "2021-05-11T07:00:01.941215"
}