{
    "vaccinated_abs": {
        "Baden-W\u00fcrttemberg": 392317,
        "Bayern": 516205,
        "Berlin": 143833,
        "Brandenburg": 80947,
        "Bremen": 26116,
        "Hamburg": 71770,
        "Hessen": 214117,
        "Mecklenburg-Vorpommern": 58293,
        "Niedersachsen": 262173,
        "Nordrhein-Westfalen": 604897,
        "Rheinland-Pfalz": 144605,
        "Saarland": 33478,
        "Sachsen": 145749,
        "Sachsen-Anhalt": 70166,
        "Schleswig-Holstein": 99442,
        "Th\u00fcringen": 87584,
        "Bund": 20,
        "Total": 2951692
    },
    "inhabitants": {
        "Baden-W\u00fcrttemberg": 11100394.0,
        "Bayern": 13124737.0,
        "Berlin": 3669491.0,
        "Brandenburg": 2521893.0,
        "Bremen": 681202.0,
        "Hamburg": 1847253.0,
        "Hessen": 6288080.0,
        "Mecklenburg-Vorpommern": 1608138.0,
        "Niedersachsen": 7993608.0,
        "Nordrhein-Westfalen": 17947221.0,
        "Rheinland-Pfalz": 4093903.0,
        "Saarland": 986887.0,
        "Sachsen": 4071971.0,
        "Sachsen-Anhalt": 2194782.0,
        "Schleswig-Holstein": 2903773.0,
        "Th\u00fcringen": 2133378.0,
        "Bund": null,
        "Total": 83166711.0
    },
    "vaccinated_rel": {
        "Baden-W\u00fcrttemberg": 3.534261937,
        "Bayern": 3.9330692874,
        "Berlin": 3.9196989446,
        "Brandenburg": 3.20977139,
        "Bremen": 3.8338114098,
        "Hamburg": 3.8852284987,
        "Hessen": 3.4051252529,
        "Mecklenburg-Vorpommern": 3.6248754771,
        "Niedersachsen": 3.2797830467,
        "Nordrhein-Westfalen": 3.3704215265,
        "Rheinland-Pfalz": 3.5322038651,
        "Saarland": 3.3922830071,
        "Sachsen": 3.5793231337,
        "Sachsen-Anhalt": 3.1969462115,
        "Schleswig-Holstein": 3.4245789874,
        "Th\u00fcringen": 4.1054140429,
        "Bund": null,
        "Total": 3.5491267654
    },
    "Timestamp": "2021-03-16T14:00:05.890906"
}