{
    "vaccinated_abs": {
        "Baden-W\u00fcrttemberg": 172613.0,
        "Bayern": 257615.0,
        "Berlin": 81077.0,
        "Brandenburg": 60965.0,
        "Bremen": 15783.0,
        "Hamburg": 37359.0,
        "Hessen": 92078.0,
        "Mecklenburg-Vorpommern": 36880.0,
        "Niedersachsen": 128021.0,
        "Nordrhein-Westfalen": 300586.0,
        "Rheinland-Pfalz": 113295.0,
        "Saarland": 17672.0,
        "Sachsen": 67234.0,
        "Sachsen-Anhalt": 40918.0,
        "Schleswig-Holstein": 63157.0,
        "Th\u00fcringen": 40690.0,
        "Total": 1525943.0
    },
    "inhabitants": {
        "Baden-W\u00fcrttemberg": 11100394,
        "Bayern": 13124737,
        "Berlin": 3669491,
        "Brandenburg": 2521893,
        "Bremen": 681202,
        "Hamburg": 1847253,
        "Hessen": 6288080,
        "Mecklenburg-Vorpommern": 1608138,
        "Niedersachsen": 7993608,
        "Nordrhein-Westfalen": 17947221,
        "Rheinland-Pfalz": 4093903,
        "Saarland": 986887,
        "Sachsen": 4071971,
        "Sachsen-Anhalt": 2194782,
        "Schleswig-Holstein": 2903773,
        "Th\u00fcringen": 2133378,
        "Total": 83166711
    },
    "vaccinated_rel": {
        "Baden-W\u00fcrttemberg": 1.555016876,
        "Bayern": 1.9628202836,
        "Berlin": 2.209489,
        "Brandenburg": 2.4174300813,
        "Bremen": 2.3169338904,
        "Hamburg": 2.0224084086,
        "Hessen": 1.4643261536,
        "Mecklenburg-Vorpommern": 2.2933355222,
        "Niedersachsen": 1.6015421322,
        "Nordrhein-Westfalen": 1.674833112,
        "Rheinland-Pfalz": 2.7674080211,
        "Saarland": 1.7906812026,
        "Sachsen": 1.6511414251,
        "Sachsen-Anhalt": 1.8643309449,
        "Schleswig-Holstein": 2.174997839,
        "Th\u00fcringen": 1.9073038158,
        "Total": 1.8348002243
    },
    "Timestamp": "2021-02-17T16:00:08.926984"
}