{
    "vaccinated_rel": {
        "Baden-W\u00fcrttemberg": 10.6972689438,
        "Bayern": 10.1858955345,
        "Berlin": 12.2876442537,
        "Brandenburg": 11.7625926239,
        "Bremen": 14.1110859921,
        "Hamburg": 9.8874924009,
        "Hessen": 9.7856261371,
        "Mecklenburg-Vorpommern": 10.3589368574,
        "Niedersachsen": 9.4251932294,
        "Nordrhein-Westfalen": 9.9591574651,
        "Rheinland-Pfalz": 12.7469312292,
        "Saarland": 11.279102876,
        "Sachsen": 14.6245884364,
        "Sachsen-Anhalt": 11.0904864356,
        "Schleswig-Holstein": 13.1137316863,
        "Th\u00fcringen": 15.0281853474,
        "ImpfzentrenBund": "-",
        "Total": 10.8949048135
    },
    "vaccinated_abs": {
        "Total": 9060934.0
    },
    "Timestamp": "2021-05-16T10:00:04.322176"
}