{
    "vaccinated_abs": {
        "Baden-W\u00fcrttemberg": 323830,
        "Bayern": 439254,
        "Berlin": 129678,
        "Brandenburg": 77668,
        "Bremen": 23046,
        "Hamburg": 61786,
        "Hessen": 169370,
        "Mecklenburg-Vorpommern": 53647,
        "Niedersachsen": 199508,
        "Nordrhein-Westfalen": 495875,
        "Rheinland-Pfalz": 141970,
        "Saarland": 26519,
        "Sachsen": 113544,
        "Sachsen-Anhalt": 61019,
        "Schleswig-Holstein": 96050,
        "Th\u00fcringen": 71644,
        "Bund": "-",
        "Total": 2484408
    },
    "inhabitants": {
        "Baden-W\u00fcrttemberg": 11100394.0,
        "Bayern": 13124737.0,
        "Berlin": 3669491.0,
        "Brandenburg": 2521893.0,
        "Bremen": 681202.0,
        "Hamburg": 1847253.0,
        "Hessen": 6288080.0,
        "Mecklenburg-Vorpommern": 1608138.0,
        "Niedersachsen": 7993608.0,
        "Nordrhein-Westfalen": 17947221.0,
        "Rheinland-Pfalz": 4093903.0,
        "Saarland": 986887.0,
        "Sachsen": 4071971.0,
        "Sachsen-Anhalt": 2194782.0,
        "Schleswig-Holstein": 2903773.0,
        "Th\u00fcringen": 2133378.0,
        "Bund": null,
        "Total": 83166711.0
    },
    "vaccinated_rel": {
        "Baden-W\u00fcrttemberg": 2.917283837,
        "Bayern": 3.3467642056,
        "Berlin": 3.5339506215,
        "Brandenburg": 3.0797500132,
        "Bremen": 3.3831374541,
        "Hamburg": 3.344750286,
        "Hessen": 2.6935089884,
        "Mecklenburg-Vorpommern": 3.335969923,
        "Niedersachsen": 2.4958441795,
        "Nordrhein-Westfalen": 2.7629625779,
        "Rheinland-Pfalz": 3.4678398584,
        "Saarland": 2.6871364199,
        "Sachsen": 2.7884285031,
        "Sachsen-Anhalt": 2.7801850024,
        "Schleswig-Holstein": 3.3077654486,
        "Th\u00fcringen": 3.3582421868,
        "Bund": null,
        "Total": 2.9872625358
    },
    "Timestamp": "2021-03-09T08:00:04.329543"
}