{
    "vaccinated_rel": {
        "Baden-W\u00fcrttemberg": 26.2016735622,
        "Bayern": 27.7159610894,
        "Berlin": 24.8197910827,
        "Brandenburg": 24.7700041199,
        "Bremen": 28.4014139712,
        "Hamburg": 26.9951652535,
        "Hessen": 25.3703992316,
        "Mecklenburg-Vorpommern": 28.8829689989,
        "Niedersachsen": 27.2610565842,
        "Nordrhein-Westfalen": 28.0921374958,
        "Rheinland-Pfalz": 26.6690979244,
        "Saarland": 29.7774719902,
        "Sachsen": 24.5616680472,
        "Sachsen-Anhalt": 27.5670658863,
        "Schleswig-Holstein": 25.900268375,
        "Th\u00fcringen": 25.2830956352,
        "ImpfzentrenBund": "-",
        "Total": 26.9256565887
    },
    "vaccinated_abs": {
        "Total": 22393183.0
    },
    "Timestamp": "2021-04-30T10:00:01.569587"
}