{
    "vaccinated_rel": {
        "Baden-W\u00fcrttemberg": 22.5461907028,
        "Bayern": 24.17858735,
        "Berlin": 22.0488073141,
        "Brandenburg": 22.3128023275,
        "Bremen": 25.6465776671,
        "Hamburg": 24.1875368453,
        "Hessen": 21.5234857063,
        "Mecklenburg-Vorpommern": 24.1272204251,
        "Niedersachsen": 23.3598144918,
        "Nordrhein-Westfalen": 24.3058632866,
        "Rheinland-Pfalz": 23.3499425854,
        "Saarland": 25.8678045207,
        "Sachsen": 22.4062253881,
        "Sachsen-Anhalt": 24.0104939807,
        "Schleswig-Holstein": 23.1246037483,
        "Th\u00fcringen": 22.3897499646,
        "ImpfzentrenBund": "-",
        "Total": 23.4308869086
    },
    "vaccinated_abs": {
        "Total": 19486698.0
    },
    "Timestamp": "2021-04-26T14:00:02.109337"
}