{
    "vaccinated_abs": {
        "Baden-W\u00fcrttemberg": 32182.0,
        "Bayern": 77876.0,
        "Berlin": 19389.0,
        "Brandenburg": 3334.0,
        "Bremen": 2653.0,
        "Hamburg": 4756.0,
        "Hessen": 37795.0,
        "Mecklenburg-Vorpommern": 13832.0,
        "Niedersachsen": 8665.0,
        "Nordrhein-Westfalen": 62692.0,
        "Rheinland-Pfalz": 9891.0,
        "Saarland": 4836.0,
        "Sachsen": 7740.0,
        "Sachsen-Anhalt": 15628.0,
        "Schleswig-Holstein": 12978.0,
        "Th\u00fcringen": 2715.0,
        "Total": 316962.0
    },
    "inhabitants": {
        "Baden-W\u00fcrttemberg": 11100394,
        "Bayern": 13124737,
        "Berlin": 3669491,
        "Brandenburg": 2521893,
        "Bremen": 681202,
        "Hamburg": 1847253,
        "Hessen": 6288080,
        "Mecklenburg-Vorpommern": 1608138,
        "Niedersachsen": 7993608,
        "Nordrhein-Westfalen": 17947221,
        "Rheinland-Pfalz": 4093903,
        "Saarland": 986887,
        "Sachsen": 4071971,
        "Sachsen-Anhalt": 2194782,
        "Schleswig-Holstein": 2903773,
        "Th\u00fcringen": 2133378,
        "Total": 83166711
    },
    "vaccinated_rel": {
        "Baden-W\u00fcrttemberg": 0.2899176372,
        "Bayern": 0.593352842,
        "Berlin": 0.5283839094,
        "Brandenburg": 0.1322022782,
        "Bremen": 0.3894586334,
        "Hamburg": 0.2574633794,
        "Hessen": 0.6010578746,
        "Mecklenburg-Vorpommern": 0.8601251883,
        "Niedersachsen": 0.1083991109,
        "Nordrhein-Westfalen": 0.3493131332,
        "Rheinland-Pfalz": 0.2416031841,
        "Saarland": 0.4900257071,
        "Sachsen": 0.1900799392,
        "Sachsen-Anhalt": 0.7120524954,
        "Schleswig-Holstein": 0.4469357625,
        "Th\u00fcringen": 0.1272629604,
        "Total": 0.3811164301
    },
    "Timestamp": "2021-01-06T10:00:05.638864"
}