{
    "vaccinated_rel": {
        "Baden-W\u00fcrttemberg": 42.9336111853,
        "Bayern": 43.1516684868,
        "Berlin": 42.6390199622,
        "Brandenburg": 39.487321627,
        "Bremen": 45.8226781483,
        "Hamburg": 41.3890788105,
        "Hessen": 44.1108096589,
        "Mecklenburg-Vorpommern": 44.845964712,
        "Niedersachsen": 43.8707652414,
        "Nordrhein-Westfalen": 46.78888726,
        "Rheinland-Pfalz": 42.3643891905,
        "Saarland": 47.3934705797,
        "Sachsen": 38.8191615314,
        "Sachsen-Anhalt": 41.6812239211,
        "Schleswig-Holstein": 44.3966866556,
        "Th\u00fcringen": 42.0522757805,
        "ImpfzentrenBund": "-",
        "Total": 43.8415726215
    },
    "vaccinated_abs": {
        "Total": 36461594.0
    },
    "Timestamp": "2021-06-03T22:00:01.746313"
}