{
    "vaccinated_abs": {
        "Baden-W\u00fcrttemberg": 1093673,
        "Bayern": 1378435,
        "Berlin": 385575,
        "Brandenburg": 272330,
        "Bremen": 78609,
        "Hamburg": 186502,
        "Hessen": 632067,
        "Mecklenburg-Vorpommern": 149104,
        "Niedersachsen": 786406,
        "Nordrhein-Westfalen": 1675232,
        "Rheinland-Pfalz": 457330,
        "Saarland": 118612,
        "Sachsen": 353207,
        "Sachsen-Anhalt": 222005,
        "Schleswig-Holstein": 327657,
        "Th\u00fcringen": 240493,
        "Bund": 6960,
        "Total": 8364197
    },
    "inhabitants": {
        "Baden-W\u00fcrttemberg": 11100394.0,
        "Bayern": 13124737.0,
        "Berlin": 3669491.0,
        "Brandenburg": 2521893.0,
        "Bremen": 681202.0,
        "Hamburg": 1847253.0,
        "Hessen": 6288080.0,
        "Mecklenburg-Vorpommern": 1608138.0,
        "Niedersachsen": 7993608.0,
        "Nordrhein-Westfalen": 17947221.0,
        "Rheinland-Pfalz": 4093903.0,
        "Saarland": 986887.0,
        "Sachsen": 4071971.0,
        "Sachsen-Anhalt": 2194782.0,
        "Schleswig-Holstein": 2903773.0,
        "Th\u00fcringen": 2133378.0,
        "Bund": null,
        "Total": 83166711.0
    },
    "vaccinated_rel": {
        "Baden-W\u00fcrttemberg": 9.8525601884,
        "Bayern": 10.5025723563,
        "Berlin": 10.5075881096,
        "Brandenburg": 10.7986342006,
        "Bremen": 11.5397488557,
        "Hamburg": 10.0961806531,
        "Hessen": 10.051828221,
        "Mecklenburg-Vorpommern": 9.2718410982,
        "Niedersachsen": 9.8379355105,
        "Nordrhein-Westfalen": 9.3342139153,
        "Rheinland-Pfalz": 11.1710023418,
        "Saarland": 12.0188025579,
        "Sachsen": 8.674104015,
        "Sachsen-Anhalt": 10.1151276072,
        "Schleswig-Holstein": 11.2838365809,
        "Th\u00fcringen": 11.2728733492,
        "Bund": null,
        "Total": 10.0571453403
    },
    "Timestamp": "2021-03-26T12:00:05.754624"
}