{
    "vaccinated_abs": {
        "Baden-W\u00fcrttemberg": 82324.0,
        "Bayern": 160629.0,
        "Berlin": 39341.0,
        "Brandenburg": 20770.0,
        "Bremen": 7355.0,
        "Hamburg": 16033.0,
        "Hessen": 53987.0,
        "Mecklenburg-Vorpommern": 19115.0,
        "Niedersachsen": 68225.0,
        "Nordrhein-Westfalen": 149823.0,
        "Rheinland-Pfalz": 36007.0,
        "Saarland": 11582.0,
        "Sachsen": 28368.0,
        "Sachsen-Anhalt": 26299.0,
        "Schleswig-Holstein": 20800.0,
        "Th\u00fcringen": 15675.0,
        "Total": 756333.0
    },
    "inhabitants": {
        "Baden-W\u00fcrttemberg": 11100394,
        "Bayern": 13124737,
        "Berlin": 3669491,
        "Brandenburg": 2521893,
        "Bremen": 681202,
        "Hamburg": 1847253,
        "Hessen": 6288080,
        "Mecklenburg-Vorpommern": 1608138,
        "Niedersachsen": 7993608,
        "Nordrhein-Westfalen": 17947221,
        "Rheinland-Pfalz": 4093903,
        "Saarland": 986887,
        "Sachsen": 4071971,
        "Sachsen-Anhalt": 2194782,
        "Schleswig-Holstein": 2903773,
        "Th\u00fcringen": 2133378,
        "Total": 83166711
    },
    "vaccinated_rel": {
        "Baden-W\u00fcrttemberg": 0.7416313331,
        "Bayern": 1.2238645239,
        "Berlin": 1.0721105461,
        "Brandenburg": 0.823587678,
        "Bremen": 1.0797091024,
        "Hamburg": 0.8679374184,
        "Hessen": 0.8585609598,
        "Mecklenburg-Vorpommern": 1.1886417708,
        "Niedersachsen": 0.8534944421,
        "Nordrhein-Westfalen": 0.8347977662,
        "Rheinland-Pfalz": 0.8795274338,
        "Saarland": 1.1735892762,
        "Sachsen": 0.6966650794,
        "Sachsen-Anhalt": 1.1982511247,
        "Schleswig-Holstein": 0.716309436,
        "Th\u00fcringen": 0.7347502412,
        "Total": 0.9094179521
    },
    "Timestamp": "2021-02-04T14:00:07.105070"
}