{
    "vaccinated_rel": {
        "Baden-W\u00fcrttemberg": 5.9572660214,
        "Bayern": 6.5078027849,
        "Berlin": 7.2361807128,
        "Brandenburg": 5.3896814813,
        "Bremen": 6.1900875218,
        "Hamburg": 5.7259617389,
        "Hessen": 6.5380847572,
        "Mecklenburg-Vorpommern": 5.6020067929,
        "Niedersachsen": 5.8624591048,
        "Nordrhein-Westfalen": 5.7914871612,
        "Rheinland-Pfalz": 5.0383704743,
        "Saarland": 6.0567217929,
        "Sachsen": 6.9662578638,
        "Sachsen-Anhalt": 5.2211563609,
        "Schleswig-Holstein": 4.9692245227,
        "Th\u00fcringen": 7.1486159509,
        "ImpfzentrenBund": "-",
        "Total": 6.054339458
    },
    "vaccinated_abs": {
        "Total": 5035195.0
    },
    "Timestamp": "2021-04-12T21:00:07.146652"
}