{
    "vaccinated_rel": {
        "Baden-W\u00fcrttemberg": 6.5622355387,
        "Bayern": 6.7412779395,
        "Berlin": 7.9576704235,
        "Brandenburg": 6.5193091063,
        "Bremen": 7.0801318845,
        "Hamburg": 5.8110069384,
        "Hessen": 7.1657803336,
        "Mecklenburg-Vorpommern": 6.2193667459,
        "Niedersachsen": 6.29170207,
        "Nordrhein-Westfalen": 6.4540577062,
        "Rheinland-Pfalz": 6.0211978642,
        "Saarland": 7.264053534,
        "Sachsen": 7.2864959009,
        "Sachsen-Anhalt": 5.7041656073,
        "Schleswig-Holstein": 5.8078575701,
        "Th\u00fcringen": 8.0352848862,
        "ImpfzentrenBund": "-",
        "Total": 6.6340028765
    },
    "vaccinated_abs": {
        "Total": 5517282.0
    },
    "Timestamp": "2021-04-19T19:00:02.750409"
}