{
    "vaccinated_rel": {
        "Baden-W\u00fcrttemberg": 41.7529864255,
        "Bayern": 42.1161810709,
        "Berlin": 40.8921836843,
        "Brandenburg": 37.8986340816,
        "Bremen": 44.0364238508,
        "Hamburg": 40.6315215079,
        "Hessen": 42.7278437933,
        "Mecklenburg-Vorpommern": 43.4657349058,
        "Niedersachsen": 42.7362087308,
        "Nordrhein-Westfalen": 45.3250227431,
        "Rheinland-Pfalz": 40.7264412469,
        "Saarland": 45.8843818999,
        "Sachsen": 37.4145837483,
        "Sachsen-Anhalt": 40.2001656657,
        "Schleswig-Holstein": 42.3660182804,
        "Th\u00fcringen": 40.2937969736,
        "ImpfzentrenBund": "-",
        "Total": 42.4757412855
    },
    "vaccinated_abs": {
        "Total": 35325677.0
    },
    "Timestamp": "2021-05-31T18:00:01.737077"
}