{
    "vaccinated_rel": {
        "Baden-W\u00fcrttemberg": 41.0419756272,
        "Bayern": 41.7484860839,
        "Berlin": 39.8018417268,
        "Brandenburg": 36.8839994401,
        "Bremen": 42.8539552145,
        "Hamburg": 39.8967006685,
        "Hessen": 41.9130163738,
        "Mecklenburg-Vorpommern": 43.0156491545,
        "Niedersachsen": 42.1605112485,
        "Nordrhein-Westfalen": 44.4723280557,
        "Rheinland-Pfalz": 40.1185616757,
        "Saarland": 45.3979026981,
        "Sachsen": 36.4909769741,
        "Sachsen-Anhalt": 39.5914491735,
        "Schleswig-Holstein": 40.9662532161,
        "Th\u00fcringen": 39.4517052299,
        "ImpfzentrenBund": "-",
        "Total": 41.7371609177
    },
    "vaccinated_abs": {
        "Total": 34711424.0
    },
    "Timestamp": "2021-05-29T04:00:02.012018"
}