{
    "vaccinated_rel": {
        "Baden-W\u00fcrttemberg": 6.2341120504,
        "Bayern": 6.6516456673,
        "Berlin": 7.5806699076,
        "Brandenburg": 5.9307432948,
        "Bremen": 6.5545902684,
        "Hamburg": 5.7800961752,
        "Hessen": 6.8263603516,
        "Mecklenburg-Vorpommern": 6.026348485,
        "Niedersachsen": 6.108780916,
        "Nordrhein-Westfalen": 6.119521234,
        "Rheinland-Pfalz": 5.5485682001,
        "Saarland": 6.6603369991,
        "Sachsen": 7.0826142917,
        "Sachsen-Anhalt": 5.5018676115,
        "Schleswig-Holstein": 5.3196307012,
        "Th\u00fcringen": 7.6181998689,
        "ImpfzentrenBund": "-",
        "Total": 6.3439180612
    },
    "vaccinated_abs": {
        "Total": 5276028.0
    },
    "Timestamp": "2021-04-16T03:00:06.745768"
}