{
    "vaccinated_abs": {
        "Baden-W\u00fcrttemberg": 447118,
        "Bayern": 590062,
        "Berlin": 160439,
        "Brandenburg": 85550,
        "Bremen": 29672,
        "Hamburg": 79430,
        "Hessen": 253214,
        "Mecklenburg-Vorpommern": 62268,
        "Niedersachsen": 310375,
        "Nordrhein-Westfalen": 671173,
        "Rheinland-Pfalz": 156010,
        "Saarland": 36863,
        "Sachsen": 182516,
        "Sachsen-Anhalt": 78315,
        "Schleswig-Holstein": 100924,
        "Th\u00fcringen": 101286,
        "Bund": 20,
        "Total": 3345235
    },
    "inhabitants": {
        "Baden-W\u00fcrttemberg": 11100394.0,
        "Bayern": 13124737.0,
        "Berlin": 3669491.0,
        "Brandenburg": 2521893.0,
        "Bremen": 681202.0,
        "Hamburg": 1847253.0,
        "Hessen": 6288080.0,
        "Mecklenburg-Vorpommern": 1608138.0,
        "Niedersachsen": 7993608.0,
        "Nordrhein-Westfalen": 17947221.0,
        "Rheinland-Pfalz": 4093903.0,
        "Saarland": 986887.0,
        "Sachsen": 4071971.0,
        "Sachsen-Anhalt": 2194782.0,
        "Schleswig-Holstein": 2903773.0,
        "Th\u00fcringen": 2133378.0,
        "Bund": null,
        "Total": 83166711.0
    },
    "vaccinated_rel": {
        "Baden-W\u00fcrttemberg": 4.0279471161,
        "Bayern": 4.4958005635,
        "Berlin": 4.3722412727,
        "Brandenburg": 3.3922930116,
        "Bremen": 4.355829842,
        "Hamburg": 4.2998982814,
        "Hessen": 4.0268889709,
        "Mecklenburg-Vorpommern": 3.8720557564,
        "Niedersachsen": 3.8827898491,
        "Nordrhein-Westfalen": 3.7397043253,
        "Rheinland-Pfalz": 3.8107888731,
        "Saarland": 3.7352807363,
        "Sachsen": 4.482251961,
        "Sachsen-Anhalt": 3.5682359341,
        "Schleswig-Holstein": 3.4756160347,
        "Th\u00fcringen": 4.7476818454,
        "Bund": null,
        "Total": 4.0223245091
    },
    "Timestamp": "2021-03-22T11:00:11.751381"
}