{
    "vaccinated_abs": {
        "Baden-W\u00fcrttemberg": 410263,
        "Bayern": 542721,
        "Berlin": 147256,
        "Brandenburg": 83360,
        "Bremen": 27539,
        "Hamburg": 74137,
        "Hessen": 228181,
        "Mecklenburg-Vorpommern": 60264,
        "Niedersachsen": 285519,
        "Nordrhein-Westfalen": 627542,
        "Rheinland-Pfalz": 149136,
        "Saarland": 34797,
        "Sachsen": 159101,
        "Sachsen-Anhalt": 73774,
        "Schleswig-Holstein": 99757,
        "Th\u00fcringen": 93747,
        "Bund": 20,
        "Total": 3097094
    },
    "inhabitants": {
        "Baden-W\u00fcrttemberg": 11100394.0,
        "Bayern": 13124737.0,
        "Berlin": 3669491.0,
        "Brandenburg": 2521893.0,
        "Bremen": 681202.0,
        "Hamburg": 1847253.0,
        "Hessen": 6288080.0,
        "Mecklenburg-Vorpommern": 1608138.0,
        "Niedersachsen": 7993608.0,
        "Nordrhein-Westfalen": 17947221.0,
        "Rheinland-Pfalz": 4093903.0,
        "Saarland": 986887.0,
        "Sachsen": 4071971.0,
        "Sachsen-Anhalt": 2194782.0,
        "Schleswig-Holstein": 2903773.0,
        "Th\u00fcringen": 2133378.0,
        "Bund": null,
        "Total": 83166711.0
    },
    "vaccinated_rel": {
        "Baden-W\u00fcrttemberg": 3.6959318741,
        "Bayern": 4.1351000024,
        "Berlin": 4.012981637,
        "Brandenburg": 3.3054534828,
        "Bremen": 4.0427068623,
        "Hamburg": 4.0133647097,
        "Hessen": 3.6287865294,
        "Mecklenburg-Vorpommern": 3.7474395854,
        "Niedersachsen": 3.5718414013,
        "Nordrhein-Westfalen": 3.4965970498,
        "Rheinland-Pfalz": 3.6428806447,
        "Saarland": 3.5259355934,
        "Sachsen": 3.9072233078,
        "Sachsen-Anhalt": 3.3613361145,
        "Schleswig-Holstein": 3.4354269428,
        "Th\u00fcringen": 4.3942986194,
        "Bund": null,
        "Total": 3.7239587363
    },
    "Timestamp": "2021-03-19T06:00:08.302855"
}