{
    "vaccinated_rel": {
        "Baden-W\u00fcrttemberg": 6.6961406955,
        "Bayern": 6.796113324,
        "Berlin": 8.1483780721,
        "Brandenburg": 6.6799820611,
        "Bremen": 7.3841533055,
        "Hamburg": 5.8393733831,
        "Hessen": 7.2574299309,
        "Mecklenburg-Vorpommern": 6.3548650676,
        "Niedersachsen": 6.4019151302,
        "Nordrhein-Westfalen": 6.6430006072,
        "Rheinland-Pfalz": 6.4004691855,
        "Saarland": 7.6871009548,
        "Sachsen": 7.3615209932,
        "Sachsen-Anhalt": 5.8328344227,
        "Schleswig-Holstein": 6.227793977,
        "Th\u00fcringen": 8.2839046807,
        "ImpfzentrenBund": "-",
        "Total": 6.7897214307
    },
    "vaccinated_abs": {
        "Total": 5646788.0
    },
    "Timestamp": "2021-04-21T21:00:03.908559"
}