{
    "vaccinated_abs": {
        "Baden-W\u00fcrttemberg": 431183,
        "Bayern": 570646,
        "Berlin": 153663,
        "Brandenburg": 85535,
        "Bremen": 28987,
        "Hamburg": 76805,
        "Hessen": 243632,
        "Mecklenburg-Vorpommern": 62268,
        "Niedersachsen": 308317,
        "Nordrhein-Westfalen": 641992,
        "Rheinland-Pfalz": 155726,
        "Saarland": 36205,
        "Sachsen": 171600,
        "Sachsen-Anhalt": 78093,
        "Schleswig-Holstein": 100770,
        "Th\u00fcringen": 100563,
        "Bund": 20,
        "Total": 3246005
    },
    "inhabitants": {
        "Baden-W\u00fcrttemberg": 11100394.0,
        "Bayern": 13124737.0,
        "Berlin": 3669491.0,
        "Brandenburg": 2521893.0,
        "Bremen": 681202.0,
        "Hamburg": 1847253.0,
        "Hessen": 6288080.0,
        "Mecklenburg-Vorpommern": 1608138.0,
        "Niedersachsen": 7993608.0,
        "Nordrhein-Westfalen": 17947221.0,
        "Rheinland-Pfalz": 4093903.0,
        "Saarland": 986887.0,
        "Sachsen": 4071971.0,
        "Sachsen-Anhalt": 2194782.0,
        "Schleswig-Holstein": 2903773.0,
        "Th\u00fcringen": 2133378.0,
        "Bund": null,
        "Total": 83166711.0
    },
    "vaccinated_rel": {
        "Baden-W\u00fcrttemberg": 3.8843936531,
        "Bayern": 4.3478661706,
        "Berlin": 4.1875835095,
        "Brandenburg": 3.3916982203,
        "Bremen": 4.2552722981,
        "Hamburg": 4.1577953859,
        "Hessen": 3.8745054134,
        "Mecklenburg-Vorpommern": 3.8720557564,
        "Niedersachsen": 3.8570442784,
        "Nordrhein-Westfalen": 3.5771109076,
        "Rheinland-Pfalz": 3.8038517278,
        "Saarland": 3.6686064362,
        "Sachsen": 4.2141753956,
        "Sachsen-Anhalt": 3.5581210343,
        "Schleswig-Holstein": 3.4703125899,
        "Th\u00fcringen": 4.71379193,
        "Bund": null,
        "Total": 3.9030099435
    },
    "Timestamp": "2021-03-21T17:00:04.928039"
}