{
    "vaccinated_abs": {
        "Baden-W\u00fcrttemberg": 189426.0,
        "Bayern": 278653.0,
        "Berlin": 81198.0,
        "Brandenburg": 65723.0,
        "Bremen": 17072.0,
        "Hamburg": 39140.0,
        "Hessen": 108901.0,
        "Mecklenburg-Vorpommern": 52331.0,
        "Niedersachsen": 137227.0,
        "Nordrhein-Westfalen": 295738.0,
        "Rheinland-Pfalz": 134587.0,
        "Saarland": 18835.0,
        "Sachsen": 77181.0,
        "Sachsen-Anhalt": 45020.0,
        "Schleswig-Holstein": 87065.0,
        "Th\u00fcringen": 44118.0,
        "Total": 1672215.0
    },
    "inhabitants": {
        "Baden-W\u00fcrttemberg": 11100394,
        "Bayern": 13124737,
        "Berlin": 3669491,
        "Brandenburg": 2521893,
        "Bremen": 681202,
        "Hamburg": 1847253,
        "Hessen": 6288080,
        "Mecklenburg-Vorpommern": 1608138,
        "Niedersachsen": 7993608,
        "Nordrhein-Westfalen": 17947221,
        "Rheinland-Pfalz": 4093903,
        "Saarland": 986887,
        "Sachsen": 4071971,
        "Sachsen-Anhalt": 2194782,
        "Schleswig-Holstein": 2903773,
        "Th\u00fcringen": 2133378,
        "Total": 83166711
    },
    "vaccinated_rel": {
        "Baden-W\u00fcrttemberg": 1.7064799682,
        "Bayern": 2.1231130193,
        "Berlin": 2.21278646,
        "Brandenburg": 2.6060978796,
        "Bremen": 2.5061582321,
        "Hamburg": 2.1188218398,
        "Hessen": 1.7318640984,
        "Mecklenburg-Vorpommern": 3.25413615,
        "Niedersachsen": 1.7167091506,
        "Nordrhein-Westfalen": 1.6478205734,
        "Rheinland-Pfalz": 3.2874985069,
        "Saarland": 1.9085265081,
        "Sachsen": 1.8954211609,
        "Sachsen-Anhalt": 2.0512287781,
        "Schleswig-Holstein": 2.998340435,
        "Th\u00fcringen": 2.0679879515,
        "Total": 2.0106782869
    },
    "Timestamp": "2021-01-28T00:00:04.714042"
}