{
    "vaccinated_abs": {
        "Baden-W\u00fcrttemberg": 76762.0,
        "Bayern": 150511.0,
        "Berlin": 35893.0,
        "Brandenburg": 19590.0,
        "Bremen": 7753.0,
        "Hamburg": 15980.0,
        "Hessen": 60344.0,
        "Mecklenburg-Vorpommern": 29100.0,
        "Niedersachsen": 63200.0,
        "Nordrhein-Westfalen": 129472.0,
        "Rheinland-Pfalz": 45326.0,
        "Saarland": 11199.0,
        "Sachsen": 29421.0,
        "Sachsen-Anhalt": 27320.0,
        "Schleswig-Holstein": 43162.0,
        "Th\u00fcringen": 13060.0,
        "Total": 758093.0
    },
    "inhabitants": {
        "Baden-W\u00fcrttemberg": 11100394,
        "Bayern": 13124737,
        "Berlin": 3669491,
        "Brandenburg": 2521893,
        "Bremen": 681202,
        "Hamburg": 1847253,
        "Hessen": 6288080,
        "Mecklenburg-Vorpommern": 1608138,
        "Niedersachsen": 7993608,
        "Nordrhein-Westfalen": 17947221,
        "Rheinland-Pfalz": 4093903,
        "Saarland": 986887,
        "Sachsen": 4071971,
        "Sachsen-Anhalt": 2194782,
        "Schleswig-Holstein": 2903773,
        "Th\u00fcringen": 2133378,
        "Total": 83166711
    },
    "vaccinated_rel": {
        "Baden-W\u00fcrttemberg": 0.6915250035,
        "Bayern": 1.1467734553,
        "Berlin": 0.9781465604,
        "Brandenburg": 0.7767974295,
        "Bremen": 1.1381352374,
        "Hamburg": 0.8650682933,
        "Hessen": 0.9596570018,
        "Mecklenburg-Vorpommern": 1.8095461957,
        "Niedersachsen": 0.7906317147,
        "Nordrhein-Westfalen": 0.7214041661,
        "Rheinland-Pfalz": 1.107158621,
        "Saarland": 1.1347803751,
        "Sachsen": 0.722524792,
        "Sachsen-Anhalt": 1.2447705512,
        "Schleswig-Holstein": 1.4864109557,
        "Th\u00fcringen": 0.6121746826,
        "Total": 0.9115341834
    },
    "Timestamp": "2021-01-13T15:00:05.009971"
}