{
    "vaccinated_rel": {
        "Baden-W\u00fcrttemberg": 42.4221698797,
        "Bayern": 42.6401687135,
        "Berlin": 41.8468665,
        "Brandenburg": 38.7644122887,
        "Bremen": 45.1010126218,
        "Hamburg": 40.9923275263,
        "Hessen": 43.4092441572,
        "Mecklenburg-Vorpommern": 44.1605757715,
        "Niedersachsen": 43.2930161199,
        "Nordrhein-Westfalen": 46.133209147,
        "Rheinland-Pfalz": 41.6089242955,
        "Saarland": 46.6647143999,
        "Sachsen": 38.1808220147,
        "Sachsen-Anhalt": 40.9857106537,
        "Schleswig-Holstein": 43.5112179912,
        "Th\u00fcringen": 41.377430535,
        "ImpfzentrenBund": "-",
        "Total": 43.2106314749
    },
    "vaccinated_abs": {
        "Total": 35936861.0
    },
    "Timestamp": "2021-06-02T17:00:02.165543"
}