{
    "vaccinated_rel": {
        "Baden-W\u00fcrttemberg": 7.366882653,
        "Bayern": 7.1834353709,
        "Berlin": 9.2681246527,
        "Brandenburg": 7.1765534858,
        "Bremen": 8.8586058174,
        "Hamburg": 6.7325374488,
        "Hessen": 7.6775104642,
        "Mecklenburg-Vorpommern": 6.8374107197,
        "Niedersachsen": 6.8383263227,
        "Nordrhein-Westfalen": 7.4082834329,
        "Rheinland-Pfalz": 8.0935967462,
        "Saarland": 8.5771724625,
        "Sachsen": 9.7603838534,
        "Sachsen-Anhalt": 7.1205249542,
        "Schleswig-Holstein": 8.2354922372,
        "Th\u00fcringen": 10.9996446949,
        "ImpfzentrenBund": "-",
        "Total": 7.6730183547
    },
    "vaccinated_abs": {
        "Total": 6381397.0
    },
    "Timestamp": "2021-05-02T04:00:03.009417"
}