{
    "vaccinated_abs": {
        "Baden-W\u00fcrttemberg": 100163.0,
        "Bayern": 198607.0,
        "Berlin": 48544.0,
        "Brandenburg": 37993.0,
        "Bremen": 11033.0,
        "Hamburg": 21951.0,
        "Hessen": 69925.0,
        "Mecklenburg-Vorpommern": 37570.0,
        "Niedersachsen": 86035.0,
        "Nordrhein-Westfalen": 193857.0,
        "Rheinland-Pfalz": 73749.0,
        "Saarland": 14421.0,
        "Sachsen": 43451.0,
        "Sachsen-Anhalt": 33182.0,
        "Schleswig-Holstein": 55670.0,
        "Th\u00fcringen": 22009.0,
        "Total": 1048160.0
    },
    "inhabitants": {
        "Baden-W\u00fcrttemberg": 11100394,
        "Bayern": 13124737,
        "Berlin": 3669491,
        "Brandenburg": 2521893,
        "Bremen": 681202,
        "Hamburg": 1847253,
        "Hessen": 6288080,
        "Mecklenburg-Vorpommern": 1608138,
        "Niedersachsen": 7993608,
        "Nordrhein-Westfalen": 17947221,
        "Rheinland-Pfalz": 4093903,
        "Saarland": 986887,
        "Sachsen": 4071971,
        "Sachsen-Anhalt": 2194782,
        "Schleswig-Holstein": 2903773,
        "Th\u00fcringen": 2133378,
        "Total": 83166711
    },
    "vaccinated_rel": {
        "Baden-W\u00fcrttemberg": 0.9023373405,
        "Bayern": 1.5132265127,
        "Berlin": 1.3229082726,
        "Brandenburg": 1.5065270414,
        "Bremen": 1.6196370533,
        "Hamburg": 1.1883050129,
        "Hessen": 1.1120246562,
        "Mecklenburg-Vorpommern": 2.3362422877,
        "Niedersachsen": 1.0762974617,
        "Nordrhein-Westfalen": 1.0801505147,
        "Rheinland-Pfalz": 1.8014349632,
        "Saarland": 1.4612615223,
        "Sachsen": 1.0670753795,
        "Sachsen-Anhalt": 1.5118585809,
        "Schleswig-Holstein": 1.91716088,
        "Th\u00fcringen": 1.0316502748,
        "Total": 1.2603119534
    },
    "Timestamp": "2021-01-18T09:00:05.372128"
}