{
    "vaccinated_abs": {
        "Baden-W\u00fcrttemberg": 171338.0,
        "Bayern": 254916.0,
        "Berlin": 74605.0,
        "Brandenburg": 58422.0,
        "Bremen": 15583.0,
        "Hamburg": 36186.0,
        "Hessen": 97061.0,
        "Mecklenburg-Vorpommern": 49946.0,
        "Niedersachsen": 130395.0,
        "Nordrhein-Westfalen": 290708.0,
        "Rheinland-Pfalz": 121505.0,
        "Saarland": 17296.0,
        "Sachsen": 71283.0,
        "Sachsen-Anhalt": 42149.0,
        "Schleswig-Holstein": 83881.0,
        "Th\u00fcringen": 39081.0,
        "Total": 1554355.0
    },
    "inhabitants": {
        "Baden-W\u00fcrttemberg": 11100394,
        "Bayern": 13124737,
        "Berlin": 3669491,
        "Brandenburg": 2521893,
        "Bremen": 681202,
        "Hamburg": 1847253,
        "Hessen": 6288080,
        "Mecklenburg-Vorpommern": 1608138,
        "Niedersachsen": 7993608,
        "Nordrhein-Westfalen": 17947221,
        "Rheinland-Pfalz": 4093903,
        "Saarland": 986887,
        "Sachsen": 4071971,
        "Sachsen-Anhalt": 2194782,
        "Schleswig-Holstein": 2903773,
        "Th\u00fcringen": 2133378,
        "Total": 83166711
    },
    "vaccinated_rel": {
        "Baden-W\u00fcrttemberg": 1.5435307972,
        "Bayern": 1.942256062,
        "Berlin": 2.0331157646,
        "Brandenburg": 2.3165931306,
        "Bremen": 2.2875740236,
        "Hamburg": 1.9589087147,
        "Hessen": 1.5435713286,
        "Mecklenburg-Vorpommern": 3.1058279824,
        "Niedersachsen": 1.6312408614,
        "Nordrhein-Westfalen": 1.6197939503,
        "Rheinland-Pfalz": 2.9679501444,
        "Saarland": 1.7525816026,
        "Sachsen": 1.7505773003,
        "Sachsen-Anhalt": 1.9204185199,
        "Schleswig-Holstein": 2.8886899906,
        "Th\u00fcringen": 1.8318835199,
        "Total": 1.8689629316
    },
    "Timestamp": "2021-01-25T16:00:05.459602"
}