{
    "vaccinated_abs": {
        "Baden-W\u00fcrttemberg": 96158.0,
        "Bayern": 184229.0,
        "Berlin": 44083.0,
        "Brandenburg": 27628.0,
        "Bremen": 8834.0,
        "Hamburg": 19776.0,
        "Hessen": 61238.0,
        "Mecklenburg-Vorpommern": 21115.0,
        "Niedersachsen": 82503.0,
        "Nordrhein-Westfalen": 180974.0,
        "Rheinland-Pfalz": 49620.0,
        "Saarland": 13545.0,
        "Sachsen": 35939.0,
        "Sachsen-Anhalt": 29172.0,
        "Schleswig-Holstein": 27920.0,
        "Th\u00fcringen": 20537.0,
        "Total": 903271.0
    },
    "inhabitants": {
        "Baden-W\u00fcrttemberg": 11100394,
        "Bayern": 13124737,
        "Berlin": 3669491,
        "Brandenburg": 2521893,
        "Bremen": 681202,
        "Hamburg": 1847253,
        "Hessen": 6288080,
        "Mecklenburg-Vorpommern": 1608138,
        "Niedersachsen": 7993608,
        "Nordrhein-Westfalen": 17947221,
        "Rheinland-Pfalz": 4093903,
        "Saarland": 986887,
        "Sachsen": 4071971,
        "Sachsen-Anhalt": 2194782,
        "Schleswig-Holstein": 2903773,
        "Th\u00fcringen": 2133378,
        "Total": 83166711
    },
    "vaccinated_rel": {
        "Baden-W\u00fcrttemberg": 0.86625754,
        "Bayern": 1.4036776508,
        "Berlin": 1.2013382783,
        "Brandenburg": 1.0955262575,
        "Bremen": 1.2968253176,
        "Hamburg": 1.0705626138,
        "Hessen": 0.9738743782,
        "Mecklenburg-Vorpommern": 1.3130092069,
        "Niedersachsen": 1.0321121576,
        "Nordrhein-Westfalen": 1.0083678136,
        "Rheinland-Pfalz": 1.212046304,
        "Saarland": 1.3724975605,
        "Sachsen": 0.8825946943,
        "Sachsen-Anhalt": 1.3291525081,
        "Schleswig-Holstein": 0.9615076661,
        "Th\u00fcringen": 0.9626517195,
        "Total": 1.0860968158
    },
    "Timestamp": "2021-02-07T11:00:06.627356"
}