{
    "vaccinated_rel": {
        "Baden-W\u00fcrttemberg": 19.5240547318,
        "Bayern": 20.0239974332,
        "Berlin": 19.4894060239,
        "Brandenburg": 20.5392139952,
        "Bremen": 23.5469067912,
        "Hamburg": 19.5065321318,
        "Hessen": 17.7795765957,
        "Mecklenburg-Vorpommern": 21.0320258585,
        "Niedersachsen": 18.5164446393,
        "Nordrhein-Westfalen": 20.0722942009,
        "Rheinland-Pfalz": 21.0532345295,
        "Saarland": 23.8244094815,
        "Sachsen": 23.002816081,
        "Sachsen-Anhalt": 19.980845478,
        "Schleswig-Holstein": 22.0935658538,
        "Th\u00fcringen": 21.3949426684,
        "ImpfzentrenBund": "-",
        "Total": 20.0908498113
    },
    "vaccinated_abs": {
        "Total": 16708899.0
    },
    "Timestamp": "2021-06-04T23:00:03.508437"
}