{
    "vaccinated_abs": {
        "Baden-W\u00fcrttemberg": 142511.0,
        "Bayern": 238298.0,
        "Berlin": 63677.0,
        "Brandenburg": 54450.0,
        "Bremen": 13837.0,
        "Hamburg": 32435.0,
        "Hessen": 84556.0,
        "Mecklenburg-Vorpommern": 47197.0,
        "Niedersachsen": 118133.0,
        "Nordrhein-Westfalen": 243878.0,
        "Rheinland-Pfalz": 112411.0,
        "Saarland": 16773.0,
        "Sachsen": 64728.0,
        "Sachsen-Anhalt": 40226.0,
        "Schleswig-Holstein": 78356.0,
        "Th\u00fcringen": 34998.0,
        "Total": 1386464.0
    },
    "inhabitants": {
        "Baden-W\u00fcrttemberg": 11100394,
        "Bayern": 13124737,
        "Berlin": 3669491,
        "Brandenburg": 2521893,
        "Bremen": 681202,
        "Hamburg": 1847253,
        "Hessen": 6288080,
        "Mecklenburg-Vorpommern": 1608138,
        "Niedersachsen": 7993608,
        "Nordrhein-Westfalen": 17947221,
        "Rheinland-Pfalz": 4093903,
        "Saarland": 986887,
        "Sachsen": 4071971,
        "Sachsen-Anhalt": 2194782,
        "Schleswig-Holstein": 2903773,
        "Th\u00fcringen": 2133378,
        "Total": 83166711
    },
    "vaccinated_rel": {
        "Baden-W\u00fcrttemberg": 1.2838373124,
        "Bayern": 1.8156401915,
        "Berlin": 1.7353087935,
        "Brandenburg": 2.1590923961,
        "Bremen": 2.0312623862,
        "Hamburg": 1.7558504439,
        "Hessen": 1.3447029936,
        "Mecklenburg-Vorpommern": 2.9348849415,
        "Niedersachsen": 1.4778432968,
        "Nordrhein-Westfalen": 1.3588621882,
        "Rheinland-Pfalz": 2.745814935,
        "Saarland": 1.6995866801,
        "Sachsen": 1.5895987471,
        "Sachsen-Anhalt": 1.8328016177,
        "Schleswig-Holstein": 2.6984202966,
        "Th\u00fcringen": 1.6404969021,
        "Total": 1.6670900933
    },
    "Timestamp": "2021-01-23T02:00:05.733321"
}