{
    "vaccinated_rel": {
        "Baden-W\u00fcrttemberg": 19.8508179079,
        "Bayern": 21.3872247497,
        "Berlin": 20.2263747206,
        "Brandenburg": 20.1745672794,
        "Bremen": 23.5356032425,
        "Hamburg": 21.0449786792,
        "Hessen": 18.8440668694,
        "Mecklenburg-Vorpommern": 20.7897580929,
        "Niedersachsen": 19.9856310192,
        "Nordrhein-Westfalen": 21.5693170547,
        "Rheinland-Pfalz": 21.0057492813,
        "Saarland": 23.1987046136,
        "Sachsen": 20.4465355966,
        "Sachsen-Anhalt": 21.5774505167,
        "Schleswig-Holstein": 21.2747346297,
        "Th\u00fcringen": 20.6178183144,
        "ImpfzentrenBund": "-",
        "Total": 20.7881300007
    },
    "vaccinated_abs": {
        "Total": 17288804.0
    },
    "Timestamp": "2021-04-21T13:00:03.214027"
}