{
    "vaccinated_rel": {
        "Baden-W\u00fcrttemberg": 12.569247542,
        "Bayern": 11.7425895848,
        "Berlin": 14.0931535191,
        "Brandenburg": 13.4483501084,
        "Bremen": 16.143522773,
        "Hamburg": 11.8302690536,
        "Hessen": 11.1506055903,
        "Mecklenburg-Vorpommern": 11.9138407276,
        "Niedersachsen": 10.945195211,
        "Nordrhein-Westfalen": 11.6663967084,
        "Rheinland-Pfalz": 14.2041469962,
        "Saarland": 13.7157546913,
        "Sachsen": 16.2784066979,
        "Sachsen-Anhalt": 12.5610197277,
        "Schleswig-Holstein": 14.7764649647,
        "Th\u00fcringen": 16.1204437282,
        "ImpfzentrenBund": "-",
        "Total": 12.5446442147
    },
    "vaccinated_abs": {
        "Total": 10432968.0
    },
    "Timestamp": "2021-05-21T01:00:03.651847"
}