{
    "vaccinated_abs": {
        "Baden-W\u00fcrttemberg": 275770.0,
        "Bayern": 368531.0,
        "Berlin": 119947.0,
        "Brandenburg": 75456.0,
        "Bremen": 21305.0,
        "Hamburg": 53887.0,
        "Hessen": 139672.0,
        "Mecklenburg-Vorpommern": 49942.0,
        "Niedersachsen": 173123.0,
        "Nordrhein-Westfalen": 416823.0,
        "Rheinland-Pfalz": 140151.0,
        "Saarland": 23300.0,
        "Sachsen": 97994.0,
        "Sachsen-Anhalt": 53229.0,
        "Schleswig-Holstein": 90834.0,
        "Th\u00fcringen": 59448.0,
        "Total": 2159412.0
    },
    "inhabitants": {
        "Baden-W\u00fcrttemberg": 11100394,
        "Bayern": 13124737,
        "Berlin": 3669491,
        "Brandenburg": 2521893,
        "Bremen": 681202,
        "Hamburg": 1847253,
        "Hessen": 6288080,
        "Mecklenburg-Vorpommern": 1608138,
        "Niedersachsen": 7993608,
        "Nordrhein-Westfalen": 17947221,
        "Rheinland-Pfalz": 4093903,
        "Saarland": 986887,
        "Sachsen": 4071971,
        "Sachsen-Anhalt": 2194782,
        "Schleswig-Holstein": 2903773,
        "Th\u00fcringen": 2133378,
        "Total": 83166711
    },
    "vaccinated_rel": {
        "Baden-W\u00fcrttemberg": 2.484326232,
        "Bayern": 2.8079115033,
        "Berlin": 3.2687639784,
        "Brandenburg": 2.9920381237,
        "Bremen": 3.1275598134,
        "Hamburg": 2.917142373,
        "Hessen": 2.2212185596,
        "Mecklenburg-Vorpommern": 3.1055792476,
        "Niedersachsen": 2.1657679486,
        "Nordrhein-Westfalen": 2.3224932707,
        "Rheinland-Pfalz": 3.4234079313,
        "Saarland": 2.3609592588,
        "Sachsen": 2.4065495555,
        "Sachsen-Anhalt": 2.4252522574,
        "Schleswig-Holstein": 3.1281370823,
        "Th\u00fcringen": 2.7865666563,
        "Total": 2.5964859907
    },
    "Timestamp": "2021-03-02T13:00:04.979677"
}