{
    "vaccinated_abs": {
        "Baden-W\u00fcrttemberg": 142052.0,
        "Bayern": 226982.0,
        "Berlin": 68363.0,
        "Brandenburg": 54965.0,
        "Bremen": 13138.0,
        "Hamburg": 32068.0,
        "Hessen": 80179.0,
        "Mecklenburg-Vorpommern": 33096.0,
        "Niedersachsen": 113705.0,
        "Nordrhein-Westfalen": 278216.0,
        "Rheinland-Pfalz": 93856.0,
        "Saarland": 15993.0,
        "Sachsen": 57331.0,
        "Sachsen-Anhalt": 37215.0,
        "Schleswig-Holstein": 50705.0,
        "Th\u00fcringen": 33709.0,
        "Total": 1331573.0
    },
    "inhabitants": {
        "Baden-W\u00fcrttemberg": 11100394,
        "Bayern": 13124737,
        "Berlin": 3669491,
        "Brandenburg": 2521893,
        "Bremen": 681202,
        "Hamburg": 1847253,
        "Hessen": 6288080,
        "Mecklenburg-Vorpommern": 1608138,
        "Niedersachsen": 7993608,
        "Nordrhein-Westfalen": 17947221,
        "Rheinland-Pfalz": 4093903,
        "Saarland": 986887,
        "Sachsen": 4071971,
        "Sachsen-Anhalt": 2194782,
        "Schleswig-Holstein": 2903773,
        "Th\u00fcringen": 2133378,
        "Total": 83166711
    },
    "vaccinated_rel": {
        "Baden-W\u00fcrttemberg": 1.2797023241,
        "Bayern": 1.729421321,
        "Berlin": 1.8630104284,
        "Brandenburg": 2.1795135638,
        "Bremen": 1.9286496516,
        "Hamburg": 1.7359831057,
        "Hessen": 1.2750951006,
        "Mecklenburg-Vorpommern": 2.058032333,
        "Niedersachsen": 1.4224490368,
        "Nordrhein-Westfalen": 1.5501898595,
        "Rheinland-Pfalz": 2.2925799659,
        "Saarland": 1.6205502758,
        "Sachsen": 1.4079422471,
        "Sachsen-Anhalt": 1.6956125939,
        "Schleswig-Holstein": 1.7461764401,
        "Th\u00fcringen": 1.5800762922,
        "Total": 1.6010889261
    },
    "Timestamp": "2021-02-14T13:00:06.920517"
}