{
    "vaccinated_abs": {
        "Baden-W\u00fcrttemberg": 1054875,
        "Bayern": 1308215,
        "Berlin": 362711,
        "Brandenburg": 243989,
        "Bremen": 73883,
        "Hamburg": 179265,
        "Hessen": 601218,
        "Mecklenburg-Vorpommern": 137984,
        "Niedersachsen": 736633,
        "Nordrhein-Westfalen": 1606409,
        "Rheinland-Pfalz": 433261,
        "Saarland": 112486,
        "Sachsen": 338399,
        "Sachsen-Anhalt": 203881,
        "Schleswig-Holstein": 308679,
        "Th\u00fcringen": 228692,
        "Bund": 6960,
        "Total": 7937540
    },
    "inhabitants": {
        "Baden-W\u00fcrttemberg": 11100394.0,
        "Bayern": 13124737.0,
        "Berlin": 3669491.0,
        "Brandenburg": 2521893.0,
        "Bremen": 681202.0,
        "Hamburg": 1847253.0,
        "Hessen": 6288080.0,
        "Mecklenburg-Vorpommern": 1608138.0,
        "Niedersachsen": 7993608.0,
        "Nordrhein-Westfalen": 17947221.0,
        "Rheinland-Pfalz": 4093903.0,
        "Saarland": 986887.0,
        "Sachsen": 4071971.0,
        "Sachsen-Anhalt": 2194782.0,
        "Schleswig-Holstein": 2903773.0,
        "Th\u00fcringen": 2133378.0,
        "Bund": null,
        "Total": 83166711.0
    },
    "vaccinated_rel": {
        "Baden-W\u00fcrttemberg": 9.5030410632,
        "Bayern": 9.9675521117,
        "Berlin": 9.8845044176,
        "Brandenburg": 9.6748355303,
        "Bremen": 10.8459752027,
        "Hamburg": 9.7044097371,
        "Hessen": 9.5612333176,
        "Mecklenburg-Vorpommern": 8.5803581533,
        "Niedersachsen": 9.2152755051,
        "Nordrhein-Westfalen": 8.9507395045,
        "Rheinland-Pfalz": 10.5830792767,
        "Saarland": 11.3980627975,
        "Sachsen": 8.3104472011,
        "Sachsen-Anhalt": 9.289350833,
        "Schleswig-Holstein": 10.6302730964,
        "Th\u00fcringen": 10.719713056,
        "Bund": null,
        "Total": 9.5441311849
    },
    "Timestamp": "2021-03-24T18:00:05.727421"
}