{
    "vaccinated_abs": {
        "Baden-W\u00fcrttemberg": 1002604,
        "Bayern": 1253377,
        "Berlin": 346758,
        "Brandenburg": 225473,
        "Bremen": 69273,
        "Hamburg": 173735,
        "Hessen": 575753,
        "Mecklenburg-Vorpommern": 129336,
        "Niedersachsen": 684712,
        "Nordrhein-Westfalen": 1525834,
        "Rheinland-Pfalz": 395392,
        "Saarland": 106127,
        "Sachsen": 330616,
        "Sachsen-Anhalt": 190866,
        "Schleswig-Holstein": 290445,
        "Th\u00fcringen": 216772,
        "Bund": 6064,
        "Total": 7523137
    },
    "inhabitants": {
        "Baden-W\u00fcrttemberg": 11100394.0,
        "Bayern": 13124737.0,
        "Berlin": 3669491.0,
        "Brandenburg": 2521893.0,
        "Bremen": 681202.0,
        "Hamburg": 1847253.0,
        "Hessen": 6288080.0,
        "Mecklenburg-Vorpommern": 1608138.0,
        "Niedersachsen": 7993608.0,
        "Nordrhein-Westfalen": 17947221.0,
        "Rheinland-Pfalz": 4093903.0,
        "Saarland": 986887.0,
        "Sachsen": 4071971.0,
        "Sachsen-Anhalt": 2194782.0,
        "Schleswig-Holstein": 2903773.0,
        "Th\u00fcringen": 2133378.0,
        "Bund": null,
        "Total": 83166711.0
    },
    "vaccinated_rel": {
        "Baden-W\u00fcrttemberg": 9.0321478679,
        "Bayern": 9.549730406,
        "Berlin": 9.4497574732,
        "Brandenburg": 8.9406251574,
        "Bremen": 10.1692302724,
        "Hamburg": 9.4050463039,
        "Hessen": 9.1562607346,
        "Mecklenburg-Vorpommern": 8.0425933595,
        "Niedersachsen": 8.5657440295,
        "Nordrhein-Westfalen": 8.5017842038,
        "Rheinland-Pfalz": 9.6580695732,
        "Saarland": 10.7537134444,
        "Sachsen": 8.1193112623,
        "Sachsen-Anhalt": 8.6963534419,
        "Schleswig-Holstein": 10.0023314495,
        "Th\u00fcringen": 10.1609747546,
        "Bund": null,
        "Total": 9.0458512902
    },
    "Timestamp": "2021-03-22T11:00:10.683197"
}