{
    "vaccinated_abs": {
        "Baden-W\u00fcrttemberg": 165650.0,
        "Bayern": 247180.0,
        "Berlin": 78141.0,
        "Brandenburg": 58446.0,
        "Bremen": 15162.0,
        "Hamburg": 36062.0,
        "Hessen": 89213.0,
        "Mecklenburg-Vorpommern": 34567.0,
        "Niedersachsen": 125091.0,
        "Nordrhein-Westfalen": 296000.0,
        "Rheinland-Pfalz": 106766.0,
        "Saarland": 16970.0,
        "Sachsen": 64393.0,
        "Sachsen-Anhalt": 39561.0,
        "Schleswig-Holstein": 59368.0,
        "Th\u00fcringen": 38252.0,
        "Total": 1470822.0
    },
    "inhabitants": {
        "Baden-W\u00fcrttemberg": 11100394,
        "Bayern": 13124737,
        "Berlin": 3669491,
        "Brandenburg": 2521893,
        "Bremen": 681202,
        "Hamburg": 1847253,
        "Hessen": 6288080,
        "Mecklenburg-Vorpommern": 1608138,
        "Niedersachsen": 7993608,
        "Nordrhein-Westfalen": 17947221,
        "Rheinland-Pfalz": 4093903,
        "Saarland": 986887,
        "Sachsen": 4071971,
        "Sachsen-Anhalt": 2194782,
        "Schleswig-Holstein": 2903773,
        "Th\u00fcringen": 2133378,
        "Total": 83166711
    },
    "vaccinated_rel": {
        "Baden-W\u00fcrttemberg": 1.4922893728,
        "Bayern": 1.8833139285,
        "Berlin": 2.1294779031,
        "Brandenburg": 2.3175447967,
        "Bremen": 2.2257715039,
        "Hamburg": 1.9521960446,
        "Hessen": 1.4187637562,
        "Mecklenburg-Vorpommern": 2.1495045823,
        "Niedersachsen": 1.5648878454,
        "Nordrhein-Westfalen": 1.6492804095,
        "Rheinland-Pfalz": 2.6079269587,
        "Saarland": 1.7195484387,
        "Sachsen": 1.581371773,
        "Sachsen-Anhalt": 1.8025024809,
        "Schleswig-Holstein": 2.0445124326,
        "Th\u00fcringen": 1.7930249585,
        "Total": 1.7685225042
    },
    "Timestamp": "2021-02-16T17:00:09.539887"
}