{
    "vaccinated_abs": {
        "Baden-W\u00fcrttemberg": 563026.0,
        "Bayern": 765566.0,
        "Berlin": 195186.0,
        "Brandenburg": 113161.0,
        "Bremen": 39594.0,
        "Hamburg": 104938.0,
        "Hessen": 310248.0,
        "Mecklenburg-Vorpommern": 83959.0,
        "Niedersachsen": 393066.0,
        "Nordrhein-Westfalen": 920315.0,
        "Rheinland-Pfalz": 230397.0,
        "Saarland": 56467.0,
        "Sachsen": 226750.0,
        "Sachsen-Anhalt": 106329.0,
        "Schleswig-Holstein": 155219.0,
        "Th\u00fcringen": 124853.0,
        "Total": 4389074.0
    },
    "inhabitants": {
        "Baden-W\u00fcrttemberg": 11100394,
        "Bayern": 13124737,
        "Berlin": 3669491,
        "Brandenburg": 2521893,
        "Bremen": 681202,
        "Hamburg": 1847253,
        "Hessen": 6288080,
        "Mecklenburg-Vorpommern": 1608138,
        "Niedersachsen": 7993608,
        "Nordrhein-Westfalen": 17947221,
        "Rheinland-Pfalz": 4093903,
        "Saarland": 986887,
        "Sachsen": 4071971,
        "Sachsen-Anhalt": 2194782,
        "Schleswig-Holstein": 2903773,
        "Th\u00fcringen": 2133378,
        "Total": 83166711
    },
    "vaccinated_rel": {
        "Baden-W\u00fcrttemberg": 5.0721262687,
        "Bayern": 5.8330006917,
        "Berlin": 5.3191573436,
        "Brandenburg": 4.4871451723,
        "Bremen": 5.8123728351,
        "Hamburg": 5.6807594845,
        "Hessen": 4.9339066933,
        "Mecklenburg-Vorpommern": 5.2208827849,
        "Niedersachsen": 4.9172538859,
        "Nordrhein-Westfalen": 5.1278969596,
        "Rheinland-Pfalz": 5.6278079867,
        "Saarland": 5.7217290328,
        "Sachsen": 5.5685563576,
        "Sachsen-Anhalt": 4.8446269379,
        "Schleswig-Holstein": 5.3454247284,
        "Th\u00fcringen": 5.8523618412,
        "Total": 5.2774408741
    },
    "Timestamp": "2021-03-04T04:00:04.200937"
}