{
    "vaccinated_abs": {
        "Baden-W\u00fcrttemberg": 340116,
        "Bayern": 456189,
        "Berlin": 133253,
        "Brandenburg": 78824,
        "Bremen": 23632,
        "Hamburg": 64097,
        "Hessen": 184829,
        "Mecklenburg-Vorpommern": 55150,
        "Niedersachsen": 214949,
        "Nordrhein-Westfalen": 528059,
        "Rheinland-Pfalz": 143149,
        "Saarland": 28153,
        "Sachsen": 117859,
        "Sachsen-Anhalt": 63670,
        "Schleswig-Holstein": 97835,
        "Th\u00fcringen": 76054,
        "Bund": "-",
        "Total": 2605818
    },
    "inhabitants": {
        "Baden-W\u00fcrttemberg": 11100394.0,
        "Bayern": 13124737.0,
        "Berlin": 3669491.0,
        "Brandenburg": 2521893.0,
        "Bremen": 681202.0,
        "Hamburg": 1847253.0,
        "Hessen": 6288080.0,
        "Mecklenburg-Vorpommern": 1608138.0,
        "Niedersachsen": 7993608.0,
        "Nordrhein-Westfalen": 17947221.0,
        "Rheinland-Pfalz": 4093903.0,
        "Saarland": 986887.0,
        "Sachsen": 4071971.0,
        "Sachsen-Anhalt": 2194782.0,
        "Schleswig-Holstein": 2903773.0,
        "Th\u00fcringen": 2133378.0,
        "Bund": null,
        "Total": 83166711.0
    },
    "vaccinated_rel": {
        "Baden-W\u00fcrttemberg": 3.0639993499,
        "Bayern": 3.4757953626,
        "Berlin": 3.6313755777,
        "Brandenburg": 3.1255885956,
        "Bremen": 3.4691618639,
        "Hamburg": 3.4698549684,
        "Hessen": 2.9393550973,
        "Mecklenburg-Vorpommern": 3.4294320512,
        "Niedersachsen": 2.6890110198,
        "Nordrhein-Westfalen": 2.9422883911,
        "Rheinland-Pfalz": 3.4966387821,
        "Saarland": 2.8527075542,
        "Sachsen": 2.8943968412,
        "Sachsen-Anhalt": 2.900971486,
        "Schleswig-Holstein": 3.3692371959,
        "Th\u00fcringen": 3.5649566087,
        "Bund": null,
        "Total": 3.133246426
    },
    "Timestamp": "2021-03-11T07:00:08.929361"
}