{
    "vaccinated_rel": {
        "Baden-W\u00fcrttemberg": 43.135387807,
        "Bayern": 43.2416512422,
        "Berlin": 43.2898731731,
        "Brandenburg": 40.1713712675,
        "Bremen": 46.5240853667,
        "Hamburg": 41.7495058879,
        "Hessen": 44.2585495095,
        "Mecklenburg-Vorpommern": 45.5143774975,
        "Niedersachsen": 44.2868226713,
        "Nordrhein-Westfalen": 46.8632776072,
        "Rheinland-Pfalz": 42.6274877544,
        "Saarland": 47.5694785725,
        "Sachsen": 39.3376573654,
        "Sachsen-Anhalt": 42.3115370912,
        "Schleswig-Holstein": 45.0365093966,
        "Th\u00fcringen": 42.6407790837,
        "ImpfzentrenBund": "-",
        "Total": 44.1233019303
    },
    "vaccinated_abs": {
        "Total": 36695899.0
    },
    "Timestamp": "2021-06-05T09:00:01.631176"
}