{
    "vaccinated_abs": {
        "Baden-W\u00fcrttemberg": 381277.0,
        "Bayern": 524209.0,
        "Berlin": 143537.0,
        "Brandenburg": 84329.0,
        "Bremen": 27604.0,
        "Hamburg": 73278.0,
        "Hessen": 213795.0,
        "Mecklenburg-Vorpommern": 67411.0,
        "Niedersachsen": 264126.0,
        "Nordrhein-Westfalen": 669399.0,
        "Rheinland-Pfalz": 168894.0,
        "Saarland": 38861.0,
        "Sachsen": 144601.0,
        "Sachsen-Anhalt": 76749.0,
        "Schleswig-Holstein": 116028.0,
        "Th\u00fcringen": 91016.0,
        "Total": 3085114.0
    },
    "inhabitants": {
        "Baden-W\u00fcrttemberg": 11100394,
        "Bayern": 13124737,
        "Berlin": 3669491,
        "Brandenburg": 2521893,
        "Bremen": 681202,
        "Hamburg": 1847253,
        "Hessen": 6288080,
        "Mecklenburg-Vorpommern": 1608138,
        "Niedersachsen": 7993608,
        "Nordrhein-Westfalen": 17947221,
        "Rheinland-Pfalz": 4093903,
        "Saarland": 986887,
        "Sachsen": 4071971,
        "Sachsen-Anhalt": 2194782,
        "Schleswig-Holstein": 2903773,
        "Th\u00fcringen": 2133378,
        "Total": 83166711
    },
    "vaccinated_rel": {
        "Baden-W\u00fcrttemberg": 3.4348060078,
        "Bayern": 3.9940533666,
        "Berlin": 3.9116324308,
        "Brandenburg": 3.3438770003,
        "Bremen": 4.052248819,
        "Hamburg": 3.9668632288,
        "Hessen": 3.4000044529,
        "Mecklenburg-Vorpommern": 4.1918666184,
        "Niedersachsen": 3.3042150678,
        "Nordrhein-Westfalen": 3.7298197866,
        "Rheinland-Pfalz": 4.1255007752,
        "Saarland": 3.937735526,
        "Sachsen": 3.5511303985,
        "Sachsen-Anhalt": 3.4968848842,
        "Schleswig-Holstein": 3.9957668867,
        "Th\u00fcringen": 4.2662856746,
        "Total": 3.7095539344
    },
    "Timestamp": "2021-02-19T18:00:07.982284"
}