{
    "vaccinated_abs": {
        "Baden-W\u00fcrttemberg": 268877.0,
        "Bayern": 359275.0,
        "Berlin": 117883.0,
        "Brandenburg": 74702.0,
        "Bremen": 20970.0,
        "Hamburg": 52849.0,
        "Hessen": 136932.0,
        "Mecklenburg-Vorpommern": 48997.0,
        "Niedersachsen": 168877.0,
        "Nordrhein-Westfalen": 388328.0,
        "Rheinland-Pfalz": 139980.0,
        "Saarland": 22779.0,
        "Sachsen": 95582.0,
        "Sachsen-Anhalt": 52392.0,
        "Schleswig-Holstein": 89010.0,
        "Th\u00fcringen": 57822.0,
        "Total": 2095255.0
    },
    "inhabitants": {
        "Baden-W\u00fcrttemberg": 11100394,
        "Bayern": 13124737,
        "Berlin": 3669491,
        "Brandenburg": 2521893,
        "Bremen": 681202,
        "Hamburg": 1847253,
        "Hessen": 6288080,
        "Mecklenburg-Vorpommern": 1608138,
        "Niedersachsen": 7993608,
        "Nordrhein-Westfalen": 17947221,
        "Rheinland-Pfalz": 4093903,
        "Saarland": 986887,
        "Sachsen": 4071971,
        "Sachsen-Anhalt": 2194782,
        "Schleswig-Holstein": 2903773,
        "Th\u00fcringen": 2133378,
        "Total": 83166711
    },
    "vaccinated_rel": {
        "Baden-W\u00fcrttemberg": 2.4222293371,
        "Bayern": 2.7373881854,
        "Berlin": 3.2125163953,
        "Brandenburg": 2.962139948,
        "Bremen": 3.0783820365,
        "Hamburg": 2.8609508281,
        "Hessen": 2.1776440503,
        "Mecklenburg-Vorpommern": 3.046815634,
        "Niedersachsen": 2.1126505078,
        "Nordrhein-Westfalen": 2.1637221718,
        "Rheinland-Pfalz": 3.4192309881,
        "Saarland": 2.3081669938,
        "Sachsen": 2.3473153419,
        "Sachsen-Anhalt": 2.3871163514,
        "Schleswig-Holstein": 3.0653222549,
        "Th\u00fcringen": 2.7103495021,
        "Total": 2.5193433464
    },
    "Timestamp": "2021-03-01T10:00:12.332462"
}