{
    "vaccinated_abs": {
        "Baden-W\u00fcrttemberg": 181240.0,
        "Bayern": 268958.0,
        "Berlin": 84033.0,
        "Brandenburg": 63690.0,
        "Bremen": 16255.0,
        "Hamburg": 38921.0,
        "Hessen": 96392.0,
        "Mecklenburg-Vorpommern": 38776.0,
        "Niedersachsen": 132842.0,
        "Nordrhein-Westfalen": 304605.0,
        "Rheinland-Pfalz": 116301.0,
        "Saarland": 18315.0,
        "Sachsen": 69207.0,
        "Sachsen-Anhalt": 42544.0,
        "Schleswig-Holstein": 65808.0,
        "Th\u00fcringen": 42741.0,
        "Total": 1580628.0
    },
    "inhabitants": {
        "Baden-W\u00fcrttemberg": 11100394,
        "Bayern": 13124737,
        "Berlin": 3669491,
        "Brandenburg": 2521893,
        "Bremen": 681202,
        "Hamburg": 1847253,
        "Hessen": 6288080,
        "Mecklenburg-Vorpommern": 1608138,
        "Niedersachsen": 7993608,
        "Nordrhein-Westfalen": 17947221,
        "Rheinland-Pfalz": 4093903,
        "Saarland": 986887,
        "Sachsen": 4071971,
        "Sachsen-Anhalt": 2194782,
        "Schleswig-Holstein": 2903773,
        "Th\u00fcringen": 2133378,
        "Total": 83166711
    },
    "vaccinated_rel": {
        "Baden-W\u00fcrttemberg": 1.6327348381,
        "Bayern": 2.0492448725,
        "Berlin": 2.2900451316,
        "Brandenburg": 2.525483833,
        "Bremen": 2.3862231761,
        "Hamburg": 2.1069663982,
        "Hessen": 1.532932151,
        "Mecklenburg-Vorpommern": 2.4112358516,
        "Niedersachsen": 1.6618528204,
        "Nordrhein-Westfalen": 1.6972265511,
        "Rheinland-Pfalz": 2.8408342845,
        "Saarland": 1.8558355719,
        "Sachsen": 1.6995946189,
        "Sachsen-Anhalt": 1.9384157515,
        "Schleswig-Holstein": 2.2662928542,
        "Th\u00fcringen": 2.0034424279,
        "Total": 1.9005536963
    },
    "Timestamp": "2021-02-19T00:00:09.144376"
}