{
    "vaccinated_abs": {
        "Baden-W\u00fcrttemberg": 206594.0,
        "Bayern": 302792.0,
        "Berlin": 86860.0,
        "Brandenburg": 70884.0,
        "Bremen": 18145.0,
        "Hamburg": 42646.0,
        "Hessen": 119069.0,
        "Mecklenburg-Vorpommern": 54907.0,
        "Niedersachsen": 143471.0,
        "Nordrhein-Westfalen": 327867.0,
        "Rheinland-Pfalz": 138322.0,
        "Saarland": 20345.0,
        "Sachsen": 82046.0,
        "Sachsen-Anhalt": 48228.0,
        "Schleswig-Holstein": 88467.0,
        "Th\u00fcringen": 48838.0,
        "Total": 1799481.0
    },
    "inhabitants": {
        "Baden-W\u00fcrttemberg": 11100394,
        "Bayern": 13124737,
        "Berlin": 3669491,
        "Brandenburg": 2521893,
        "Bremen": 681202,
        "Hamburg": 1847253,
        "Hessen": 6288080,
        "Mecklenburg-Vorpommern": 1608138,
        "Niedersachsen": 7993608,
        "Nordrhein-Westfalen": 17947221,
        "Rheinland-Pfalz": 4093903,
        "Saarland": 986887,
        "Sachsen": 4071971,
        "Sachsen-Anhalt": 2194782,
        "Schleswig-Holstein": 2903773,
        "Th\u00fcringen": 2133378,
        "Total": 83166711
    },
    "vaccinated_rel": {
        "Baden-W\u00fcrttemberg": 1.8611411451,
        "Bayern": 2.3070328952,
        "Berlin": 2.3670857893,
        "Brandenburg": 2.8107457374,
        "Bremen": 2.6636739176,
        "Hamburg": 2.3086171737,
        "Hessen": 1.8935668757,
        "Mecklenburg-Vorpommern": 3.4143214077,
        "Niedersachsen": 1.7948215624,
        "Nordrhein-Westfalen": 1.8268399325,
        "Rheinland-Pfalz": 3.3787317384,
        "Saarland": 2.0615328807,
        "Sachsen": 2.0148964715,
        "Sachsen-Anhalt": 2.1973936364,
        "Schleswig-Holstein": 3.046622446,
        "Th\u00fcringen": 2.2892333192,
        "Total": 2.1637034558
    },
    "Timestamp": "2021-01-29T20:00:06.679528"
}