{
    "vaccinated_abs": {
        "Baden-W\u00fcrttemberg": 787088,
        "Bayern": 1024577,
        "Berlin": 260284,
        "Brandenburg": 162614,
        "Bremen": 55738,
        "Hamburg": 139712,
        "Hessen": 449365,
        "Mecklenburg-Vorpommern": 109391,
        "Niedersachsen": 539440,
        "Nordrhein-Westfalen": 1240927,
        "Rheinland-Pfalz": 316025,
        "Saarland": 80833,
        "Sachsen": 296334,
        "Sachsen-Anhalt": 143478,
        "Schleswig-Holstein": 215322,
        "Th\u00fcringen": 157423,
        "Bund": "-",
        "Total": 5978551
    },
    "inhabitants": {
        "Baden-W\u00fcrttemberg": 11100394.0,
        "Bayern": 13124737.0,
        "Berlin": 3669491.0,
        "Brandenburg": 2521893.0,
        "Bremen": 681202.0,
        "Hamburg": 1847253.0,
        "Hessen": 6288080.0,
        "Mecklenburg-Vorpommern": 1608138.0,
        "Niedersachsen": 7993608.0,
        "Nordrhein-Westfalen": 17947221.0,
        "Rheinland-Pfalz": 4093903.0,
        "Saarland": 986887.0,
        "Sachsen": 4071971.0,
        "Sachsen-Anhalt": 2194782.0,
        "Schleswig-Holstein": 2903773.0,
        "Th\u00fcringen": 2133378.0,
        "Bund": null,
        "Total": 83166711.0
    },
    "vaccinated_rel": {
        "Baden-W\u00fcrttemberg": 7.0906311974,
        "Bayern": 7.8064573789,
        "Berlin": 7.093190854,
        "Brandenburg": 6.4480927621,
        "Bremen": 8.1823012851,
        "Hamburg": 7.563230375,
        "Hessen": 7.1462990293,
        "Mecklenburg-Vorpommern": 6.8023391027,
        "Niedersachsen": 6.7483919652,
        "Nordrhein-Westfalen": 6.9143128064,
        "Rheinland-Pfalz": 7.719406151,
        "Saarland": 8.1907047109,
        "Sachsen": 7.2774093922,
        "Sachsen-Anhalt": 6.5372323994,
        "Schleswig-Holstein": 7.415249057,
        "Th\u00fcringen": 7.3790486262,
        "Bund": null,
        "Total": 7.1886346449
    },
    "Timestamp": "2021-03-12T17:00:04.123343"
}