{
    "vaccinated_abs": {
        "Baden-W\u00fcrttemberg": 92868.0,
        "Bayern": 183573.0,
        "Berlin": 45998.0,
        "Brandenburg": 33263.0,
        "Bremen": 10134.0,
        "Hamburg": 19422.0,
        "Hessen": 65673.0,
        "Mecklenburg-Vorpommern": 35355.0,
        "Niedersachsen": 78050.0,
        "Nordrhein-Westfalen": 176801.0,
        "Rheinland-Pfalz": 64219.0,
        "Saarland": 13301.0,
        "Sachsen": 39332.0,
        "Sachsen-Anhalt": 31723.0,
        "Schleswig-Holstein": 52740.0,
        "Th\u00fcringen": 19230.0,
        "Total": 961682.0
    },
    "inhabitants": {
        "Baden-W\u00fcrttemberg": 11100394,
        "Bayern": 13124737,
        "Berlin": 3669491,
        "Brandenburg": 2521893,
        "Bremen": 681202,
        "Hamburg": 1847253,
        "Hessen": 6288080,
        "Mecklenburg-Vorpommern": 1608138,
        "Niedersachsen": 7993608,
        "Nordrhein-Westfalen": 17947221,
        "Rheinland-Pfalz": 4093903,
        "Saarland": 986887,
        "Sachsen": 4071971,
        "Sachsen-Anhalt": 2194782,
        "Schleswig-Holstein": 2903773,
        "Th\u00fcringen": 2133378,
        "Total": 83166711
    },
    "vaccinated_rel": {
        "Baden-W\u00fcrttemberg": 0.8366189524,
        "Bayern": 1.3986794554,
        "Berlin": 1.2535253527,
        "Brandenburg": 1.3189695201,
        "Bremen": 1.487664452,
        "Hamburg": 1.0513990233,
        "Hessen": 1.0444046513,
        "Mecklenburg-Vorpommern": 2.1985053522,
        "Niedersachsen": 0.9764051477,
        "Nordrhein-Westfalen": 0.985116303,
        "Rheinland-Pfalz": 1.5686497702,
        "Saarland": 1.347773352,
        "Sachsen": 0.9659204351,
        "Sachsen-Anhalt": 1.4453827305,
        "Schleswig-Holstein": 1.8162576758,
        "Th\u00fcringen": 0.9013873772,
        "Total": 1.1563304457
    },
    "Timestamp": "2021-01-16T09:00:04.652280"
}