{
    "vaccinated_abs": {
        "Baden-W\u00fcrttemberg": 158007.0,
        "Bayern": 237526.0,
        "Berlin": 74722.0,
        "Brandenburg": 55044.0,
        "Bremen": 14450.0,
        "Hamburg": 34644.0,
        "Hessen": 85885.0,
        "Mecklenburg-Vorpommern": 33100.0,
        "Niedersachsen": 120139.0,
        "Nordrhein-Westfalen": 288160.0,
        "Rheinland-Pfalz": 100848.0,
        "Saarland": 16227.0,
        "Sachsen": 61555.0,
        "Sachsen-Anhalt": 37747.0,
        "Schleswig-Holstein": 56404.0,
        "Th\u00fcringen": 35781.0,
        "Total": 1410239.0
    },
    "inhabitants": {
        "Baden-W\u00fcrttemberg": 11100394,
        "Bayern": 13124737,
        "Berlin": 3669491,
        "Brandenburg": 2521893,
        "Bremen": 681202,
        "Hamburg": 1847253,
        "Hessen": 6288080,
        "Mecklenburg-Vorpommern": 1608138,
        "Niedersachsen": 7993608,
        "Nordrhein-Westfalen": 17947221,
        "Rheinland-Pfalz": 4093903,
        "Saarland": 986887,
        "Sachsen": 4071971,
        "Sachsen-Anhalt": 2194782,
        "Schleswig-Holstein": 2903773,
        "Th\u00fcringen": 2133378,
        "Total": 83166711
    },
    "vaccinated_rel": {
        "Baden-W\u00fcrttemberg": 1.4234359609,
        "Bayern": 1.8097581689,
        "Berlin": 2.0363042177,
        "Brandenburg": 2.1826461313,
        "Bremen": 2.121250378,
        "Hamburg": 1.8754334138,
        "Hessen": 1.3658382209,
        "Mecklenburg-Vorpommern": 2.0582810679,
        "Niedersachsen": 1.5029383477,
        "Nordrhein-Westfalen": 1.6055967662,
        "Rheinland-Pfalz": 2.4633705293,
        "Saarland": 1.6442611971,
        "Sachsen": 1.5116757953,
        "Sachsen-Anhalt": 1.7198519033,
        "Schleswig-Holstein": 1.942438338,
        "Th\u00fcringen": 1.6771992586,
        "Total": 1.6956772524
    },
    "Timestamp": "2021-02-15T16:00:09.022316"
}