{
    "vaccinated_rel": {
        "Baden-W\u00fcrttemberg": 15.3260325715,
        "Bayern": 15.9685790275,
        "Berlin": 16.2148919292,
        "Brandenburg": 16.1908534581,
        "Bremen": 19.1554047111,
        "Hamburg": 15.6772245058,
        "Hessen": 14.6441203038,
        "Mecklenburg-Vorpommern": 14.3875712159,
        "Niedersachsen": 15.1287879015,
        "Nordrhein-Westfalen": 16.1145784074,
        "Rheinland-Pfalz": 16.0717779586,
        "Saarland": 18.1567899871,
        "Sachsen": 15.4137639978,
        "Sachsen-Anhalt": 16.607025208,
        "Schleswig-Holstein": 17.6697352031,
        "Th\u00fcringen": 16.5928400874,
        "ImpfzentrenBund": "-",
        "Total": 15.8675891367
    },
    "vaccinated_abs": {
        "Total": 13196552.0
    },
    "Timestamp": "2021-04-13T06:00:06.105974"
}