{
    "vaccinated_rel": {
        "Baden-W\u00fcrttemberg": 37.191851028,
        "Bayern": 39.1662629125,
        "Berlin": 34.9826719837,
        "Brandenburg": 33.1079470858,
        "Bremen": 38.6452183053,
        "Hamburg": 36.8702608684,
        "Hessen": 38.0919135889,
        "Mecklenburg-Vorpommern": 39.9704502972,
        "Niedersachsen": 39.0995655529,
        "Nordrhein-Westfalen": 40.2320114072,
        "Rheinland-Pfalz": 36.3285109589,
        "Saarland": 42.4472102682,
        "Sachsen": 32.9954461856,
        "Sachsen-Anhalt": 36.2673377128,
        "Schleswig-Holstein": 35.5985126937,
        "Th\u00fcringen": 34.7013046914,
        "ImpfzentrenBund": "-",
        "Total": 38.0154783324
    },
    "vaccinated_abs": {
        "Total": 31616223.0
    },
    "Timestamp": "2021-05-19T11:00:01.978116"
}