{
    "vaccinated_abs": {
        "Baden-W\u00fcrttemberg": 292124,
        "Bayern": 382160,
        "Berlin": 124144,
        "Brandenburg": 76295,
        "Bremen": 21945,
        "Hamburg": 56710,
        "Hessen": 151820,
        "Mecklenburg-Vorpommern": 51793,
        "Niedersachsen": 181638,
        "Nordrhein-Westfalen": 449292,
        "Rheinland-Pfalz": 140571,
        "Saarland": 24397,
        "Sachsen": 103601,
        "Sachsen-Anhalt": 56595,
        "Schleswig-Holstein": 93419,
        "Th\u00fcringen": 64282,
        "BundEinsatzkr\u00e4fteBundeswehrBundespolizei": 998,
        "Total": 2271784
    },
    "inhabitants": {
        "Baden-W\u00fcrttemberg": 11100394.0,
        "Bayern": 13124737.0,
        "Berlin": 3669491.0,
        "Brandenburg": 2521893.0,
        "Bremen": 681202.0,
        "Hamburg": 1847253.0,
        "Hessen": 6288080.0,
        "Mecklenburg-Vorpommern": 1608138.0,
        "Niedersachsen": 7993608.0,
        "Nordrhein-Westfalen": 17947221.0,
        "Rheinland-Pfalz": 4093903.0,
        "Saarland": 986887.0,
        "Sachsen": 4071971.0,
        "Sachsen-Anhalt": 2194782.0,
        "Schleswig-Holstein": 2903773.0,
        "Th\u00fcringen": 2133378.0,
        "BundEinsatzkr\u00e4fteBundeswehrBundespolizei": null,
        "Total": 83166711.0
    },
    "vaccinated_rel": {
        "Baden-W\u00fcrttemberg": 2.6316543359,
        "Bayern": 2.9117535841,
        "Berlin": 3.3831395144,
        "Brandenburg": 3.0253067834,
        "Bremen": 3.2215113872,
        "Hamburg": 3.0699638869,
        "Hessen": 2.4144094859,
        "Mecklenburg-Vorpommern": 3.2206813097,
        "Niedersachsen": 2.2722905602,
        "Nordrhein-Westfalen": 2.5034070734,
        "Rheinland-Pfalz": 3.4336670898,
        "Saarland": 2.4721168685,
        "Sachsen": 2.5442469998,
        "Sachsen-Anhalt": 2.5786160083,
        "Schleswig-Holstein": 3.2171591925,
        "Th\u00fcringen": 3.0131556621,
        "BundEinsatzkr\u00e4fteBundeswehrBundespolizei": null,
        "Total": 2.7316025519
    },
    "Timestamp": "2021-03-04T11:00:06.163558"
}