{
    "vaccinated_abs": {
        "Baden-W\u00fcrttemberg": 89261.0,
        "Bayern": 173079.0,
        "Berlin": 41553.0,
        "Brandenburg": 24083.0,
        "Bremen": 8208.0,
        "Hamburg": 17748.0,
        "Hessen": 57004.0,
        "Mecklenburg-Vorpommern": 20459.0,
        "Niedersachsen": 75341.0,
        "Nordrhein-Westfalen": 169878.0,
        "Rheinland-Pfalz": 43009.0,
        "Saarland": 12511.0,
        "Sachsen": 32255.0,
        "Sachsen-Anhalt": 28078.0,
        "Schleswig-Holstein": 23652.0,
        "Th\u00fcringen": 18279.0,
        "Total": 834398.0
    },
    "inhabitants": {
        "Baden-W\u00fcrttemberg": 11100394,
        "Bayern": 13124737,
        "Berlin": 3669491,
        "Brandenburg": 2521893,
        "Bremen": 681202,
        "Hamburg": 1847253,
        "Hessen": 6288080,
        "Mecklenburg-Vorpommern": 1608138,
        "Niedersachsen": 7993608,
        "Nordrhein-Westfalen": 17947221,
        "Rheinland-Pfalz": 4093903,
        "Saarland": 986887,
        "Sachsen": 4071971,
        "Sachsen-Anhalt": 2194782,
        "Schleswig-Holstein": 2903773,
        "Th\u00fcringen": 2133378,
        "Total": 83166711
    },
    "vaccinated_rel": {
        "Baden-W\u00fcrttemberg": 0.8041246104,
        "Bayern": 1.3187235676,
        "Berlin": 1.1323913862,
        "Brandenburg": 0.9549572484,
        "Bremen": 1.2049289344,
        "Hamburg": 0.9607779768,
        "Hessen": 0.9065406293,
        "Mecklenburg-Vorpommern": 1.2722166879,
        "Niedersachsen": 0.9425155699,
        "Nordrhein-Westfalen": 0.9465420858,
        "Rheinland-Pfalz": 1.050562263,
        "Saarland": 1.2677236604,
        "Sachsen": 0.7921225372,
        "Sachsen-Anhalt": 1.2793070109,
        "Schleswig-Holstein": 0.8145264799,
        "Th\u00fcringen": 0.8568101855,
        "Total": 1.0032836335
    },
    "Timestamp": "2021-02-06T04:00:07.375048"
}