{
    "vaccinated_abs": {
        "Baden-W\u00fcrttemberg": 587809,
        "Bayern": 767969,
        "Berlin": 201025,
        "Brandenburg": 117854,
        "Bremen": 41743,
        "Hamburg": 108141,
        "Hessen": 321415,
        "Mecklenburg-Vorpommern": 87249,
        "Niedersachsen": 409203,
        "Nordrhein-Westfalen": 959746,
        "Rheinland-Pfalz": 239974,
        "Saarland": 59748,
        "Sachsen": 235347,
        "Sachsen-Anhalt": 111342,
        "Schleswig-Holstein": 162163,
        "Th\u00fcringen": 127282,
        "BundEinsatzkr\u00e4fteBundeswehrBundespolizei": 3379,
        "Total": 4541389
    },
    "inhabitants": {
        "Baden-W\u00fcrttemberg": 11100394.0,
        "Bayern": 13124737.0,
        "Berlin": 3669491.0,
        "Brandenburg": 2521893.0,
        "Bremen": 681202.0,
        "Hamburg": 1847253.0,
        "Hessen": 6288080.0,
        "Mecklenburg-Vorpommern": 1608138.0,
        "Niedersachsen": 7993608.0,
        "Nordrhein-Westfalen": 17947221.0,
        "Rheinland-Pfalz": 4093903.0,
        "Saarland": 986887.0,
        "Sachsen": 4071971.0,
        "Sachsen-Anhalt": 2194782.0,
        "Schleswig-Holstein": 2903773.0,
        "Th\u00fcringen": 2133378.0,
        "BundEinsatzkr\u00e4fteBundeswehrBundespolizei": null,
        "Total": 83166711.0
    },
    "vaccinated_rel": {
        "Baden-W\u00fcrttemberg": 5.2953886141,
        "Bayern": 5.8513096301,
        "Berlin": 5.4782802301,
        "Brandenburg": 4.6732355417,
        "Bremen": 6.1278446041,
        "Hamburg": 5.8541520842,
        "Hessen": 5.1114966731,
        "Mecklenburg-Vorpommern": 5.4254672174,
        "Niedersachsen": 5.119127683,
        "Nordrhein-Westfalen": 5.3476022834,
        "Rheinland-Pfalz": 5.8617412284,
        "Saarland": 6.0541885748,
        "Sachsen": 5.7796826156,
        "Sachsen-Anhalt": 5.0730323103,
        "Schleswig-Holstein": 5.5845618786,
        "Th\u00fcringen": 5.9662188323,
        "BundEinsatzkr\u00e4fteBundeswehrBundespolizei": null,
        "Total": 5.4605850651
    },
    "Timestamp": "2021-03-04T11:00:04.971028"
}