{
    "vaccinated_abs": {
        "Baden-W\u00fcrttemberg": 82300.0,
        "Bayern": 167915.0,
        "Berlin": 38408.0,
        "Brandenburg": 27102.0,
        "Bremen": 8890.0,
        "Hamburg": 18150.0,
        "Hessen": 62171.0,
        "Mecklenburg-Vorpommern": 32998.0,
        "Niedersachsen": 70444.0,
        "Nordrhein-Westfalen": 142066.0,
        "Rheinland-Pfalz": 54189.0,
        "Saarland": 12243.0,
        "Sachsen": 34588.0,
        "Sachsen-Anhalt": 29448.0,
        "Schleswig-Holstein": 47498.0,
        "Th\u00fcringen": 14045.0,
        "Total": 842455.0
    },
    "inhabitants": {
        "Baden-W\u00fcrttemberg": 11100394,
        "Bayern": 13124737,
        "Berlin": 3669491,
        "Brandenburg": 2521893,
        "Bremen": 681202,
        "Hamburg": 1847253,
        "Hessen": 6288080,
        "Mecklenburg-Vorpommern": 1608138,
        "Niedersachsen": 7993608,
        "Nordrhein-Westfalen": 17947221,
        "Rheinland-Pfalz": 4093903,
        "Saarland": 986887,
        "Sachsen": 4071971,
        "Sachsen-Anhalt": 2194782,
        "Schleswig-Holstein": 2903773,
        "Th\u00fcringen": 2133378,
        "Total": 83166711
    },
    "vaccinated_rel": {
        "Baden-W\u00fcrttemberg": 0.7414151245,
        "Bayern": 1.2793780173,
        "Berlin": 1.0466846764,
        "Brandenburg": 1.0746689094,
        "Bremen": 1.3050460803,
        "Hamburg": 0.9825400202,
        "Hessen": 0.9887119757,
        "Mecklenburg-Vorpommern": 2.0519383287,
        "Niedersachsen": 0.881254122,
        "Nordrhein-Westfalen": 0.79157659,
        "Rheinland-Pfalz": 1.3236512932,
        "Saarland": 1.2405675624,
        "Sachsen": 0.8494166584,
        "Sachsen-Anhalt": 1.3417277889,
        "Schleswig-Holstein": 1.6357339227,
        "Th\u00fcringen": 0.6583455909,
        "Total": 1.0129714039
    },
    "Timestamp": "2021-01-14T17:00:08.234739"
}