{
    "vaccinated_abs": {
        "Baden-W\u00fcrttemberg": 319080.0,
        "Bayern": 435511.0,
        "Berlin": 126121.0,
        "Brandenburg": 80799.0,
        "Bremen": 23584.0,
        "Hamburg": 61700.0,
        "Hessen": 180964.0,
        "Mecklenburg-Vorpommern": 60805.0,
        "Niedersachsen": 198331.0,
        "Nordrhein-Westfalen": 528980.0,
        "Rheinland-Pfalz": 148869.0,
        "Saarland": 29774.0,
        "Sachsen": 120860.0,
        "Sachsen-Anhalt": 63204.0,
        "Schleswig-Holstein": 102600.0,
        "Th\u00fcringen": 75515.0,
        "Total": 2556697.0
    },
    "inhabitants": {
        "Baden-W\u00fcrttemberg": 11100394,
        "Bayern": 13124737,
        "Berlin": 3669491,
        "Brandenburg": 2521893,
        "Bremen": 681202,
        "Hamburg": 1847253,
        "Hessen": 6288080,
        "Mecklenburg-Vorpommern": 1608138,
        "Niedersachsen": 7993608,
        "Nordrhein-Westfalen": 17947221,
        "Rheinland-Pfalz": 4093903,
        "Saarland": 986887,
        "Sachsen": 4071971,
        "Sachsen-Anhalt": 2194782,
        "Schleswig-Holstein": 2903773,
        "Th\u00fcringen": 2133378,
        "Total": 83166711
    },
    "vaccinated_rel": {
        "Baden-W\u00fcrttemberg": 2.8744925631,
        "Bayern": 3.3182455389,
        "Berlin": 3.4370161965,
        "Brandenburg": 3.2039027826,
        "Bremen": 3.4621154958,
        "Hamburg": 3.3400947244,
        "Hessen": 2.8778895943,
        "Mecklenburg-Vorpommern": 3.7810809769,
        "Niedersachsen": 2.4811199148,
        "Nordrhein-Westfalen": 2.9474201048,
        "Rheinland-Pfalz": 3.6363587511,
        "Saarland": 3.016961415,
        "Sachsen": 2.9680957944,
        "Sachsen-Anhalt": 2.879739309,
        "Schleswig-Holstein": 3.5333340451,
        "Th\u00fcringen": 3.5396915127,
        "Total": 3.0741831308
    },
    "Timestamp": "2021-02-12T13:00:06.097081"
}