{
    "vaccinated_rel": {
        "Baden-W\u00fcrttemberg": 19.2626405874,
        "Bayern": 20.7575435607,
        "Berlin": 19.7414845819,
        "Brandenburg": 19.6021797911,
        "Bremen": 23.1380706457,
        "Hamburg": 20.3627223775,
        "Hessen": 18.2801904556,
        "Mecklenburg-Vorpommern": 19.9948014412,
        "Niedersachsen": 19.3629334839,
        "Nordrhein-Westfalen": 20.9691795738,
        "Rheinland-Pfalz": 20.4566888859,
        "Saarland": 22.5256792318,
        "Sachsen": 19.9158589293,
        "Sachsen-Anhalt": 20.8456238478,
        "Schleswig-Holstein": 20.9094512553,
        "Th\u00fcringen": 20.0430959727,
        "ImpfzentrenBund": "-",
        "Total": 20.1953206975
    },
    "vaccinated_abs": {
        "Total": 16795784.0
    },
    "Timestamp": "2021-04-21T00:00:02.423962"
}