{
    "vaccinated_rel": {
        "Baden-W\u00fcrttemberg": 36.6568880348,
        "Bayern": 38.5096249929,
        "Berlin": 34.1860219851,
        "Brandenburg": 32.5563772928,
        "Bremen": 38.0691777182,
        "Hamburg": 36.463927789,
        "Hessen": 37.4503982138,
        "Mecklenburg-Vorpommern": 39.3627288205,
        "Niedersachsen": 38.5545050495,
        "Nordrhein-Westfalen": 39.5478107725,
        "Rheinland-Pfalz": 35.663790764,
        "Saarland": 41.8019489567,
        "Sachsen": 32.3826471259,
        "Sachsen-Anhalt": 35.7684726775,
        "Schleswig-Holstein": 34.9232877363,
        "Th\u00fcringen": 34.0686460627,
        "ImpfzentrenBund": "-",
        "Total": 37.3882574243
    },
    "vaccinated_abs": {
        "Total": 31094584.0
    },
    "Timestamp": "2021-05-18T18:00:02.675458"
}