{
    "vaccinated_rel": {
        "Baden-W\u00fcrttemberg": 16.8471317324,
        "Bayern": 16.8155293321,
        "Berlin": 17.2912537461,
        "Brandenburg": 17.6638739233,
        "Bremen": 21.0075719097,
        "Hamburg": 16.2872654693,
        "Hessen": 15.2101436368,
        "Mecklenburg-Vorpommern": 17.1315521429,
        "Niedersachsen": 15.501573257,
        "Nordrhein-Westfalen": 16.4728622888,
        "Rheinland-Pfalz": 18.5199795892,
        "Saarland": 19.9474711897,
        "Sachsen": 20.508520321,
        "Sachsen-Anhalt": 16.8908802788,
        "Schleswig-Holstein": 19.3543365821,
        "Th\u00fcringen": 19.0573822361,
        "ImpfzentrenBund": "-",
        "Total": 17.0706534253
    },
    "vaccinated_abs": {
        "Total": 14197101.0
    },
    "Timestamp": "2021-05-30T21:00:03.318463"
}