{
    "vaccinated_abs": {
        "Baden-W\u00fcrttemberg": 1134891,
        "Bayern": 1416193,
        "Berlin": 397207,
        "Brandenburg": 278745,
        "Bremen": 81020,
        "Hamburg": 191233,
        "Hessen": 646444,
        "Mecklenburg-Vorpommern": 155930,
        "Niedersachsen": 816673,
        "Nordrhein-Westfalen": 1707930,
        "Rheinland-Pfalz": 470688,
        "Saarland": 121858,
        "Sachsen": 363806,
        "Sachsen-Anhalt": 227201,
        "Schleswig-Holstein": 339119,
        "Th\u00fcringen": 246441,
        "Bund": 6960,
        "Total": 8602339
    },
    "inhabitants": {
        "Baden-W\u00fcrttemberg": 11100394.0,
        "Bayern": 13124737.0,
        "Berlin": 3669491.0,
        "Brandenburg": 2521893.0,
        "Bremen": 681202.0,
        "Hamburg": 1847253.0,
        "Hessen": 6288080.0,
        "Mecklenburg-Vorpommern": 1608138.0,
        "Niedersachsen": 7993608.0,
        "Nordrhein-Westfalen": 17947221.0,
        "Rheinland-Pfalz": 4093903.0,
        "Saarland": 986887.0,
        "Sachsen": 4071971.0,
        "Sachsen-Anhalt": 2194782.0,
        "Schleswig-Holstein": 2903773.0,
        "Th\u00fcringen": 2133378.0,
        "Bund": null,
        "Total": 83166711.0
    },
    "vaccinated_rel": {
        "Baden-W\u00fcrttemberg": 10.2238803415,
        "Bayern": 10.790258121,
        "Berlin": 10.8245803028,
        "Brandenburg": 11.0530066105,
        "Bremen": 11.8936820503,
        "Hamburg": 10.3522906716,
        "Hessen": 10.2804671696,
        "Mecklenburg-Vorpommern": 9.6963071577,
        "Niedersachsen": 10.2165755439,
        "Nordrhein-Westfalen": 9.5164036817,
        "Rheinland-Pfalz": 11.4972924371,
        "Saarland": 12.3477155946,
        "Sachsen": 8.9343956526,
        "Sachsen-Anhalt": 10.3518709375,
        "Schleswig-Holstein": 11.6785644057,
        "Th\u00fcringen": 11.5516800117,
        "Bund": null,
        "Total": 10.3434882738
    },
    "Timestamp": "2021-03-28T02:00:06.455775"
}