{
    "vaccinated_abs": {
        "Baden-W\u00fcrttemberg": 285065.0,
        "Bayern": 384576.0,
        "Berlin": 118021.0,
        "Brandenburg": 78306.0,
        "Bremen": 22090.0,
        "Hamburg": 54863.0,
        "Hessen": 159685.0,
        "Mecklenburg-Vorpommern": 61425.0,
        "Niedersachsen": 179573.0,
        "Nordrhein-Westfalen": 449541.0,
        "Rheinland-Pfalz": 146797.0,
        "Saarland": 24898.0,
        "Sachsen": 108634.0,
        "Sachsen-Anhalt": 57485.0,
        "Schleswig-Holstein": 97831.0,
        "Th\u00fcringen": 66431.0,
        "Total": 2295221.0
    },
    "inhabitants": {
        "Baden-W\u00fcrttemberg": 11100394,
        "Bayern": 13124737,
        "Berlin": 3669491,
        "Brandenburg": 2521893,
        "Bremen": 681202,
        "Hamburg": 1847253,
        "Hessen": 6288080,
        "Mecklenburg-Vorpommern": 1608138,
        "Niedersachsen": 7993608,
        "Nordrhein-Westfalen": 17947221,
        "Rheinland-Pfalz": 4093903,
        "Saarland": 986887,
        "Sachsen": 4071971,
        "Sachsen-Anhalt": 2194782,
        "Schleswig-Holstein": 2903773,
        "Th\u00fcringen": 2133378,
        "Total": 83166711
    },
    "vaccinated_rel": {
        "Baden-W\u00fcrttemberg": 2.5680619985,
        "Bayern": 2.930161572,
        "Berlin": 3.2162771349,
        "Brandenburg": 3.1050484695,
        "Bremen": 3.2427972907,
        "Hamburg": 2.9699775829,
        "Hessen": 2.5394874111,
        "Mecklenburg-Vorpommern": 3.8196348821,
        "Niedersachsen": 2.2464574195,
        "Nordrhein-Westfalen": 2.5047944749,
        "Rheinland-Pfalz": 3.5857469022,
        "Saarland": 2.522882559,
        "Sachsen": 2.6678480765,
        "Sachsen-Anhalt": 2.6191667327,
        "Schleswig-Holstein": 3.3690994441,
        "Th\u00fcringen": 3.113887928,
        "Total": 2.7597832984
    },
    "Timestamp": "2021-02-08T14:00:06.481558"
}