{
    "vaccinated_abs": {
        "Baden-W\u00fcrttemberg": 119747.0,
        "Bayern": 208603.0,
        "Berlin": 57728.0,
        "Brandenburg": 33461.0,
        "Bremen": 10657.0,
        "Hamburg": 26521.0,
        "Hessen": 68808.0,
        "Mecklenburg-Vorpommern": 26141.0,
        "Niedersachsen": 92231.0,
        "Nordrhein-Westfalen": 229639.0,
        "Rheinland-Pfalz": 68880.0,
        "Saarland": 15326.0,
        "Sachsen": 49181.0,
        "Sachsen-Anhalt": 31869.0,
        "Schleswig-Holstein": 39769.0,
        "Th\u00fcringen": 25943.0,
        "Total": 1104504.0
    },
    "inhabitants": {
        "Baden-W\u00fcrttemberg": 11100394,
        "Bayern": 13124737,
        "Berlin": 3669491,
        "Brandenburg": 2521893,
        "Bremen": 681202,
        "Hamburg": 1847253,
        "Hessen": 6288080,
        "Mecklenburg-Vorpommern": 1608138,
        "Niedersachsen": 7993608,
        "Nordrhein-Westfalen": 17947221,
        "Rheinland-Pfalz": 4093903,
        "Saarland": 986887,
        "Sachsen": 4071971,
        "Sachsen-Anhalt": 2194782,
        "Schleswig-Holstein": 2903773,
        "Th\u00fcringen": 2133378,
        "Total": 83166711
    },
    "vaccinated_rel": {
        "Baden-W\u00fcrttemberg": 1.0787635106,
        "Bayern": 1.5893880388,
        "Berlin": 1.573188216,
        "Brandenburg": 1.3268207652,
        "Bremen": 1.5644405037,
        "Hamburg": 1.4356993871,
        "Hessen": 1.0942608873,
        "Mecklenburg-Vorpommern": 1.6255445739,
        "Niedersachsen": 1.1538093937,
        "Nordrhein-Westfalen": 1.2795239998,
        "Rheinland-Pfalz": 1.6825020036,
        "Saarland": 1.5529640172,
        "Sachsen": 1.207793474,
        "Sachsen-Anhalt": 1.4520348718,
        "Schleswig-Holstein": 1.3695629789,
        "Th\u00fcringen": 1.2160526639,
        "Total": 1.3280602139
    },
    "Timestamp": "2021-02-11T01:00:08.171443"
}