{
    "vaccinated_abs": {
        "Baden-W\u00fcrttemberg": 423662.0,
        "Bayern": 588417.0,
        "Berlin": 155426.0,
        "Brandenburg": 87089.0,
        "Bremen": 30364.0,
        "Hamburg": 84688.0,
        "Hessen": 230932.0,
        "Mecklenburg-Vorpommern": 70450.0,
        "Niedersachsen": 296787.0,
        "Nordrhein-Westfalen": 743908.0,
        "Rheinland-Pfalz": 180953.0,
        "Saarland": 42401.0,
        "Sachsen": 170912.0,
        "Sachsen-Anhalt": 84192.0,
        "Schleswig-Holstein": 125708.0,
        "Th\u00fcringen": 97841.0,
        "Total": 3413730.0
    },
    "inhabitants": {
        "Baden-W\u00fcrttemberg": 11100394,
        "Bayern": 13124737,
        "Berlin": 3669491,
        "Brandenburg": 2521893,
        "Bremen": 681202,
        "Hamburg": 1847253,
        "Hessen": 6288080,
        "Mecklenburg-Vorpommern": 1608138,
        "Niedersachsen": 7993608,
        "Nordrhein-Westfalen": 17947221,
        "Rheinland-Pfalz": 4093903,
        "Saarland": 986887,
        "Sachsen": 4071971,
        "Sachsen-Anhalt": 2194782,
        "Schleswig-Holstein": 2903773,
        "Th\u00fcringen": 2133378,
        "Total": 83166711
    },
    "vaccinated_rel": {
        "Baden-W\u00fcrttemberg": 3.8166393013,
        "Bayern": 4.483266979,
        "Berlin": 4.2356283201,
        "Brandenburg": 3.4533185984,
        "Bremen": 4.4574149812,
        "Hamburg": 4.5845371479,
        "Hessen": 3.6725359728,
        "Mecklenburg-Vorpommern": 4.3808429376,
        "Niedersachsen": 3.7128040304,
        "Nordrhein-Westfalen": 4.1449759826,
        "Rheinland-Pfalz": 4.4200607586,
        "Saarland": 4.2964392073,
        "Sachsen": 4.1972794011,
        "Sachsen-Anhalt": 3.836007403,
        "Schleswig-Holstein": 4.3291262781,
        "Th\u00fcringen": 4.5862008514,
        "Total": 4.1046831827
    },
    "Timestamp": "2021-02-24T04:00:04.445824"
}