{
    "vaccinated_abs": {
        "Baden-W\u00fcrttemberg": 934964,
        "Bayern": 1199314,
        "Berlin": 322960,
        "Brandenburg": 211054,
        "Bremen": 65167,
        "Hamburg": 164775,
        "Hessen": 535775,
        "Mecklenburg-Vorpommern": 126935,
        "Niedersachsen": 650096,
        "Nordrhein-Westfalen": 1440274,
        "Rheinland-Pfalz": 377584,
        "Saarland": 99956,
        "Sachsen": 322049,
        "Sachsen-Anhalt": 179298,
        "Schleswig-Holstein": 266030,
        "Th\u00fcringen": 192781,
        "Bund": 6064,
        "Total": 7095076
    },
    "inhabitants": {
        "Baden-W\u00fcrttemberg": 11100394.0,
        "Bayern": 13124737.0,
        "Berlin": 3669491.0,
        "Brandenburg": 2521893.0,
        "Bremen": 681202.0,
        "Hamburg": 1847253.0,
        "Hessen": 6288080.0,
        "Mecklenburg-Vorpommern": 1608138.0,
        "Niedersachsen": 7993608.0,
        "Nordrhein-Westfalen": 17947221.0,
        "Rheinland-Pfalz": 4093903.0,
        "Saarland": 986887.0,
        "Sachsen": 4071971.0,
        "Sachsen-Anhalt": 2194782.0,
        "Schleswig-Holstein": 2903773.0,
        "Th\u00fcringen": 2133378.0,
        "Bund": null,
        "Total": 83166711.0
    },
    "vaccinated_rel": {
        "Baden-W\u00fcrttemberg": 8.4228001276,
        "Bayern": 9.1378135806,
        "Berlin": 8.8012206598,
        "Brandenburg": 8.3688721131,
        "Bremen": 9.5664722065,
        "Hamburg": 8.920001754,
        "Hessen": 8.5204863806,
        "Mecklenburg-Vorpommern": 7.8932902525,
        "Niedersachsen": 8.1326980257,
        "Nordrhein-Westfalen": 8.0250530152,
        "Rheinland-Pfalz": 9.2230812503,
        "Saarland": 10.1284138914,
        "Sachsen": 7.9089217482,
        "Sachsen-Anhalt": 8.16928515,
        "Schleswig-Holstein": 9.161528811,
        "Th\u00fcringen": 9.036420175,
        "Bund": null,
        "Total": 8.5311489593
    },
    "Timestamp": "2021-03-20T01:00:04.507079"
}