{
    "vaccinated_abs": {
        "Baden-W\u00fcrttemberg": 917558,
        "Bayern": 1182269,
        "Berlin": 316985,
        "Brandenburg": 202941,
        "Bremen": 63921,
        "Hamburg": 161839,
        "Hessen": 535743,
        "Mecklenburg-Vorpommern": 124477,
        "Niedersachsen": 633992,
        "Nordrhein-Westfalen": 1425136,
        "Rheinland-Pfalz": 367441,
        "Saarland": 96259,
        "Sachsen": 321033,
        "Sachsen-Anhalt": 173177,
        "Schleswig-Holstein": 258500,
        "Th\u00fcringen": 189590,
        "Bund": 6064,
        "Total": 6970861
    },
    "inhabitants": {
        "Baden-W\u00fcrttemberg": 11100394.0,
        "Bayern": 13124737.0,
        "Berlin": 3669491.0,
        "Brandenburg": 2521893.0,
        "Bremen": 681202.0,
        "Hamburg": 1847253.0,
        "Hessen": 6288080.0,
        "Mecklenburg-Vorpommern": 1608138.0,
        "Niedersachsen": 7993608.0,
        "Nordrhein-Westfalen": 17947221.0,
        "Rheinland-Pfalz": 4093903.0,
        "Saarland": 986887.0,
        "Sachsen": 4071971.0,
        "Sachsen-Anhalt": 2194782.0,
        "Schleswig-Holstein": 2903773.0,
        "Th\u00fcringen": 2133378.0,
        "Bund": null,
        "Total": 83166711.0
    },
    "vaccinated_rel": {
        "Baden-W\u00fcrttemberg": 8.2659948827,
        "Bayern": 9.0079443116,
        "Berlin": 8.6383915371,
        "Brandenburg": 8.0471693288,
        "Bremen": 9.3835602362,
        "Hamburg": 8.7610630488,
        "Hessen": 8.5199774812,
        "Mecklenburg-Vorpommern": 7.7404426735,
        "Niedersachsen": 7.9312370584,
        "Nordrhein-Westfalen": 7.9407056948,
        "Rheinland-Pfalz": 8.9753225712,
        "Saarland": 9.7538016004,
        "Sachsen": 7.8839706864,
        "Sachsen-Anhalt": 7.8903964038,
        "Schleswig-Holstein": 8.9022110199,
        "Th\u00fcringen": 8.8868451817,
        "Bund": null,
        "Total": 8.3817923255
    },
    "Timestamp": "2021-03-19T05:00:08.512589"
}