{
    "vaccinated_rel": {
        "Baden-W\u00fcrttemberg": 16.183290431,
        "Bayern": 17.082909928,
        "Berlin": 17.0880920542,
        "Brandenburg": 17.0210234931,
        "Bremen": 20.1317670823,
        "Hamburg": 16.80489895,
        "Hessen": 15.1739481686,
        "Mecklenburg-Vorpommern": 15.7398805326,
        "Niedersachsen": 16.1871460297,
        "Nordrhein-Westfalen": 17.4097371398,
        "Rheinland-Pfalz": 17.1757366992,
        "Saarland": 19.2874158845,
        "Sachsen": 16.4715318454,
        "Sachsen-Anhalt": 17.7157913633,
        "Schleswig-Holstein": 18.4530953349,
        "Th\u00fcringen": 17.4845245428,
        "ImpfzentrenBund": "-",
        "Total": 16.903793394
    },
    "vaccinated_abs": {
        "Total": 14058329.0
    },
    "Timestamp": "2021-04-14T10:00:04.924764"
}