{
    "vaccinated_abs": {
        "Baden-W\u00fcrttemberg": 539877.0,
        "Bayern": 741284.0,
        "Berlin": 190212.0,
        "Brandenburg": 108655.0,
        "Bremen": 37600.0,
        "Hamburg": 102636.0,
        "Hessen": 299290.0,
        "Mecklenburg-Vorpommern": 81006.0,
        "Niedersachsen": 376731.0,
        "Nordrhein-Westfalen": 895128.0,
        "Rheinland-Pfalz": 218951.0,
        "Saarland": 53527.0,
        "Sachsen": 218717.0,
        "Sachsen-Anhalt": 101045.0,
        "Schleswig-Holstein": 148297.0,
        "Th\u00fcringen": 121996.0,
        "Total": 4234952.0
    },
    "inhabitants": {
        "Baden-W\u00fcrttemberg": 11100394,
        "Bayern": 13124737,
        "Berlin": 3669491,
        "Brandenburg": 2521893,
        "Bremen": 681202,
        "Hamburg": 1847253,
        "Hessen": 6288080,
        "Mecklenburg-Vorpommern": 1608138,
        "Niedersachsen": 7993608,
        "Nordrhein-Westfalen": 17947221,
        "Rheinland-Pfalz": 4093903,
        "Saarland": 986887,
        "Sachsen": 4071971,
        "Sachsen-Anhalt": 2194782,
        "Schleswig-Holstein": 2903773,
        "Th\u00fcringen": 2133378,
        "Total": 83166711
    },
    "vaccinated_rel": {
        "Baden-W\u00fcrttemberg": 4.8635841214,
        "Bayern": 5.6479912702,
        "Berlin": 5.1836072087,
        "Brandenburg": 4.3084698677,
        "Bremen": 5.5196549628,
        "Hamburg": 5.5561420119,
        "Hessen": 4.7596404626,
        "Mecklenburg-Vorpommern": 5.0372542655,
        "Niedersachsen": 4.7129031096,
        "Nordrhein-Westfalen": 4.9875576837,
        "Rheinland-Pfalz": 5.3482214894,
        "Saarland": 5.4238225856,
        "Sachsen": 5.3712808858,
        "Sachsen-Anhalt": 4.6038740977,
        "Schleswig-Holstein": 5.1070452132,
        "Th\u00fcringen": 5.7184427701,
        "Total": 5.0921239389
    },
    "Timestamp": "2021-03-03T05:00:05.447840"
}