{
    "vaccinated_rel": {
        "Baden-W\u00fcrttemberg": 33.6304188842,
        "Bayern": 34.9030993916,
        "Berlin": 31.1889305628,
        "Brandenburg": 30.1149969487,
        "Bremen": 35.4824266517,
        "Hamburg": 33.9372571056,
        "Hessen": 34.1134495744,
        "Mecklenburg-Vorpommern": 36.5826191533,
        "Niedersachsen": 35.4871542362,
        "Nordrhein-Westfalen": 36.293808384,
        "Rheinland-Pfalz": 32.9150202142,
        "Saarland": 38.6541721595,
        "Sachsen": 29.7883752119,
        "Sachsen-Anhalt": 33.5825152566,
        "Schleswig-Holstein": 31.9354508772,
        "Th\u00fcringen": 31.1929250231,
        "ImpfzentrenBund": "-",
        "Total": 34.2883632852
    },
    "vaccinated_abs": {
        "Total": 28516504.0
    },
    "Timestamp": "2021-05-13T20:00:01.518280"
}