{
    "vaccinated_rel": {
        "Baden-W\u00fcrttemberg": 6.9661221034,
        "Bayern": 6.9110413412,
        "Berlin": 8.7194382,
        "Brandenburg": 6.9897493668,
        "Bremen": 7.9286320357,
        "Hamburg": 6.0360437904,
        "Hessen": 7.4294220175,
        "Mecklenburg-Vorpommern": 6.5527336584,
        "Niedersachsen": 6.5426901094,
        "Nordrhein-Westfalen": 7.0225134019,
        "Rheinland-Pfalz": 7.0489945658,
        "Saarland": 8.0797497586,
        "Sachsen": 8.2771463746,
        "Sachsen-Anhalt": 6.3181217998,
        "Schleswig-Holstein": 7.241371829,
        "Th\u00fcringen": 9.710187318,
        "ImpfzentrenBund": "-",
        "Total": 7.1666210294
    },
    "vaccinated_abs": {
        "Total": 5960243.0
    },
    "Timestamp": "2021-04-27T02:00:03.001156"
}