{
    "vaccinated_rel": {
        "Baden-W\u00fcrttemberg": 7.2404637169,
        "Bayern": 7.0770637156,
        "Berlin": 9.0727569573,
        "Brandenburg": 6.931142598,
        "Bremen": 8.5902566346,
        "Hamburg": 6.355924175,
        "Hessen": 7.603656442,
        "Mecklenburg-Vorpommern": 6.731263113,
        "Niedersachsen": 6.7262617832,
        "Nordrhein-Westfalen": 7.2998989649,
        "Rheinland-Pfalz": 7.7897058137,
        "Saarland": 8.4410879868,
        "Sachsen": 9.3002135821,
        "Sachsen-Anhalt": 6.8781774226,
        "Schleswig-Holstein": 7.96735833,
        "Th\u00fcringen": 10.6084341359,
        "ImpfzentrenBund": "-",
        "Total": 7.504387182
    },
    "vaccinated_abs": {
        "Total": 6241152.0
    },
    "Timestamp": "2021-04-30T07:00:03.078319"
}