{
    "vaccinated_abs": {
        "Baden-W\u00fcrttemberg": 64589.0,
        "Bayern": 115540.0,
        "Berlin": 32826.0,
        "Brandenburg": 12960.0,
        "Bremen": 5241.0,
        "Hamburg": 10745.0,
        "Hessen": 46133.0,
        "Mecklenburg-Vorpommern": 15033.0,
        "Niedersachsen": 44761.0,
        "Nordrhein-Westfalen": 99196.0,
        "Rheinland-Pfalz": 17627.0,
        "Saarland": 8836.0,
        "Sachsen": 16322.0,
        "Sachsen-Anhalt": 20181.0,
        "Schleswig-Holstein": 12892.0,
        "Th\u00fcringen": 9680.0,
        "Total": 532562.0
    },
    "inhabitants": {
        "Baden-W\u00fcrttemberg": 11100394,
        "Bayern": 13124737,
        "Berlin": 3669491,
        "Brandenburg": 2521893,
        "Bremen": 681202,
        "Hamburg": 1847253,
        "Hessen": 6288080,
        "Mecklenburg-Vorpommern": 1608138,
        "Niedersachsen": 7993608,
        "Nordrhein-Westfalen": 17947221,
        "Rheinland-Pfalz": 4093903,
        "Saarland": 986887,
        "Sachsen": 4071971,
        "Sachsen-Anhalt": 2194782,
        "Schleswig-Holstein": 2903773,
        "Th\u00fcringen": 2133378,
        "Total": 83166711
    },
    "vaccinated_rel": {
        "Baden-W\u00fcrttemberg": 0.5818622294,
        "Bayern": 0.8803224019,
        "Berlin": 0.8945654861,
        "Brandenburg": 0.5138996777,
        "Bremen": 0.7693753101,
        "Hamburg": 0.5816745189,
        "Hessen": 0.7336579687,
        "Mecklenburg-Vorpommern": 0.9348078337,
        "Niedersachsen": 0.559959908,
        "Nordrhein-Westfalen": 0.5527095253,
        "Rheinland-Pfalz": 0.4305671141,
        "Saarland": 0.8953406013,
        "Sachsen": 0.4008378252,
        "Sachsen-Anhalt": 0.9194990664,
        "Schleswig-Holstein": 0.4439740985,
        "Th\u00fcringen": 0.4537404998,
        "Total": 0.6403547689
    },
    "Timestamp": "2021-02-02T08:00:08.967454"
}