{
    "vaccinated_rel": {
        "Baden-W\u00fcrttemberg": 20.6106197672,
        "Bayern": 22.1664708405,
        "Berlin": 20.726062552,
        "Brandenburg": 20.9070329312,
        "Bremen": 24.1247089703,
        "Hamburg": 21.833446745,
        "Hessen": 19.5737013524,
        "Mecklenburg-Vorpommern": 21.7754322079,
        "Niedersachsen": 20.8903413828,
        "Nordrhein-Westfalen": 22.4049116016,
        "Rheinland-Pfalz": 21.7154632144,
        "Saarland": 24.0010254467,
        "Sachsen": 21.1259117513,
        "Sachsen-Anhalt": 22.4265553481,
        "Schleswig-Holstein": 21.9100459988,
        "Th\u00fcringen": 21.2042591608,
        "ImpfzentrenBund": "-",
        "Total": 21.561968466
    },
    "vaccinated_abs": {
        "Total": 17932380.0
    },
    "Timestamp": "2021-04-22T22:00:01.554519"
}