{
    "vaccinated_rel": {
        "Baden-W\u00fcrttemberg": 18.8595648046,
        "Bayern": 20.3092602922,
        "Berlin": 19.4095311857,
        "Brandenburg": 19.1872137319,
        "Bremen": 22.94532312,
        "Hamburg": 19.7974505929,
        "Hessen": 17.8800683197,
        "Mecklenburg-Vorpommern": 19.396469706,
        "Niedersachsen": 18.9043921093,
        "Nordrhein-Westfalen": 20.4343056789,
        "Rheinland-Pfalz": 20.0544810173,
        "Saarland": 22.0981733471,
        "Sachsen": 19.4973638074,
        "Sachsen-Anhalt": 20.4176542363,
        "Schleswig-Holstein": 20.7297195752,
        "Th\u00fcringen": 19.6587290204,
        "ImpfzentrenBund": "-",
        "Total": 19.7536067045
    },
    "vaccinated_abs": {
        "Total": 16428425.0
    },
    "Timestamp": "2021-04-20T05:00:03.038200"
}