{
    "vaccinated_abs": {
        "Baden-W\u00fcrttemberg": 394169.0,
        "Bayern": 539997.0,
        "Berlin": 145884.0,
        "Brandenburg": 85192.0,
        "Bremen": 28443.0,
        "Hamburg": 76926.0,
        "Hessen": 218692.0,
        "Mecklenburg-Vorpommern": 68414.0,
        "Niedersachsen": 279853.0,
        "Nordrhein-Westfalen": 686432.0,
        "Rheinland-Pfalz": 173803.0,
        "Saarland": 40198.0,
        "Sachsen": 150611.0,
        "Sachsen-Anhalt": 79007.0,
        "Schleswig-Holstein": 118459.0,
        "Th\u00fcringen": 93210.0,
        "Total": 3179290.0
    },
    "inhabitants": {
        "Baden-W\u00fcrttemberg": 11100394,
        "Bayern": 13124737,
        "Berlin": 3669491,
        "Brandenburg": 2521893,
        "Bremen": 681202,
        "Hamburg": 1847253,
        "Hessen": 6288080,
        "Mecklenburg-Vorpommern": 1608138,
        "Niedersachsen": 7993608,
        "Nordrhein-Westfalen": 17947221,
        "Rheinland-Pfalz": 4093903,
        "Saarland": 986887,
        "Sachsen": 4071971,
        "Sachsen-Anhalt": 2194782,
        "Schleswig-Holstein": 2903773,
        "Th\u00fcringen": 2133378,
        "Total": 83166711
    },
    "vaccinated_rel": {
        "Baden-W\u00fcrttemberg": 3.5509460295,
        "Bayern": 4.1143453008,
        "Berlin": 3.9755922552,
        "Brandenburg": 3.3780973261,
        "Bremen": 4.1754134603,
        "Hamburg": 4.1643456527,
        "Hessen": 3.4778819608,
        "Mecklenburg-Vorpommern": 4.2542368876,
        "Niedersachsen": 3.5009597669,
        "Nordrhein-Westfalen": 3.8247258447,
        "Rheinland-Pfalz": 4.2454107975,
        "Saarland": 4.0732120293,
        "Sachsen": 3.6987247699,
        "Sachsen-Anhalt": 3.5997652614,
        "Schleswig-Holstein": 4.0794855521,
        "Th\u00fcringen": 4.3691272714,
        "Total": 3.8227915494
    },
    "Timestamp": "2021-02-22T06:00:05.518312"
}