{
    "vaccinated_rel": {
        "Baden-W\u00fcrttemberg": 43.4677724052,
        "Bayern": 43.4920257831,
        "Berlin": 43.995039094,
        "Brandenburg": 40.796853792,
        "Bremen": 47.1769020056,
        "Hamburg": 42.0593172673,
        "Hessen": 44.4986227911,
        "Mecklenburg-Vorpommern": 46.0093598932,
        "Niedersachsen": 44.6918587952,
        "Nordrhein-Westfalen": 47.1632349097,
        "Rheinland-Pfalz": 43.050897884,
        "Saarland": 47.8540096283,
        "Sachsen": 39.6611125177,
        "Sachsen-Anhalt": 42.7945463376,
        "Schleswig-Holstein": 45.6920358444,
        "Th\u00fcringen": 43.0657858101,
        "ImpfzentrenBund": "-",
        "Total": 44.4882027378
    },
    "vaccinated_abs": {
        "Total": 36999375.0
    },
    "Timestamp": "2021-06-05T15:00:02.269420"
}