{
    "vaccinated_abs": {
        "Baden-W\u00fcrttemberg": 125622.0,
        "Bayern": 213152.0,
        "Berlin": 60133.0,
        "Brandenburg": 39984.0,
        "Bremen": 11381.0,
        "Hamburg": 28623.0,
        "Hessen": 71954.0,
        "Mecklenburg-Vorpommern": 28892.0,
        "Niedersachsen": 95327.0,
        "Nordrhein-Westfalen": 253932.0,
        "Rheinland-Pfalz": 76440.0,
        "Saarland": 15515.0,
        "Sachsen": 52335.0,
        "Sachsen-Anhalt": 33712.0,
        "Schleswig-Holstein": 42977.0,
        "Th\u00fcringen": 28746.0,
        "Total": 1178725.0
    },
    "inhabitants": {
        "Baden-W\u00fcrttemberg": 11100394,
        "Bayern": 13124737,
        "Berlin": 3669491,
        "Brandenburg": 2521893,
        "Bremen": 681202,
        "Hamburg": 1847253,
        "Hessen": 6288080,
        "Mecklenburg-Vorpommern": 1608138,
        "Niedersachsen": 7993608,
        "Nordrhein-Westfalen": 17947221,
        "Rheinland-Pfalz": 4093903,
        "Saarland": 986887,
        "Sachsen": 4071971,
        "Sachsen-Anhalt": 2194782,
        "Schleswig-Holstein": 2903773,
        "Th\u00fcringen": 2133378,
        "Total": 83166711
    },
    "vaccinated_rel": {
        "Baden-W\u00fcrttemberg": 1.1316895598,
        "Bayern": 1.6240477809,
        "Berlin": 1.6387286411,
        "Brandenburg": 1.5854756724,
        "Bremen": 1.6707232216,
        "Hamburg": 1.5494899724,
        "Hessen": 1.1442920574,
        "Mecklenburg-Vorpommern": 1.7966119823,
        "Niedersachsen": 1.1925403397,
        "Nordrhein-Westfalen": 1.4148820032,
        "Rheinland-Pfalz": 1.8671668576,
        "Saarland": 1.5721151459,
        "Sachsen": 1.2852498213,
        "Sachsen-Anhalt": 1.5360067651,
        "Schleswig-Holstein": 1.4800399343,
        "Th\u00fcringen": 1.347440538,
        "Total": 1.4173038537
    },
    "Timestamp": "2021-02-12T07:00:08.201123"
}