{
    "vaccinated_rel": {
        "Baden-W\u00fcrttemberg": 7.9590508229,
        "Bayern": 7.7644451085,
        "Berlin": 10.033326148,
        "Brandenburg": 8.0226639275,
        "Bremen": 10.3515550453,
        "Hamburg": 7.4457586481,
        "Hessen": 7.9560056488,
        "Mecklenburg-Vorpommern": 7.3583859097,
        "Niedersachsen": 7.3662106023,
        "Nordrhein-Westfalen": 7.8826967139,
        "Rheinland-Pfalz": 9.4354214059,
        "Saarland": 8.9784342078,
        "Sachsen": 10.7975474285,
        "Sachsen-Anhalt": 7.9588314466,
        "Schleswig-Holstein": 9.4727790361,
        "Th\u00fcringen": 12.1925884677,
        "ImpfzentrenBund": "-",
        "Total": 8.334565497
    },
    "vaccinated_abs": {
        "Total": 6931584.0
    },
    "Timestamp": "2021-05-06T07:00:03.968705"
}