{
    "vaccinated_abs": {
        "Baden-W\u00fcrttemberg": 37840.0,
        "Bayern": 82749.0,
        "Berlin": 21955.0,
        "Brandenburg": 5404.0,
        "Bremen": 3195.0,
        "Hamburg": 5901.0,
        "Hessen": 41298.0,
        "Mecklenburg-Vorpommern": 18014.0,
        "Niedersachsen": 15164.0,
        "Nordrhein-Westfalen": 69225.0,
        "Rheinland-Pfalz": 12336.0,
        "Saarland": 5633.0,
        "Sachsen": 10767.0,
        "Sachsen-Anhalt": 17123.0,
        "Schleswig-Holstein": 17016.0,
        "Th\u00fcringen": 3711.0,
        "Total": 367331.0
    },
    "inhabitants": {
        "Baden-W\u00fcrttemberg": 11100394,
        "Bayern": 13124737,
        "Berlin": 3669491,
        "Brandenburg": 2521893,
        "Bremen": 681202,
        "Hamburg": 1847253,
        "Hessen": 6288080,
        "Mecklenburg-Vorpommern": 1608138,
        "Niedersachsen": 7993608,
        "Nordrhein-Westfalen": 17947221,
        "Rheinland-Pfalz": 4093903,
        "Saarland": 986887,
        "Sachsen": 4071971,
        "Sachsen-Anhalt": 2194782,
        "Schleswig-Holstein": 2903773,
        "Th\u00fcringen": 2133378,
        "Total": 83166711
    },
    "vaccinated_rel": {
        "Baden-W\u00fcrttemberg": 0.3408888009,
        "Bayern": 0.6304812051,
        "Berlin": 0.598311864,
        "Brandenburg": 0.2142834767,
        "Bremen": 0.4690238725,
        "Hamburg": 0.3194473091,
        "Hessen": 0.6567664534,
        "Mecklenburg-Vorpommern": 1.1201774972,
        "Niedersachsen": 0.1897015716,
        "Nordrhein-Westfalen": 0.385714312,
        "Rheinland-Pfalz": 0.3013261428,
        "Saarland": 0.5707846998,
        "Sachsen": 0.2644174038,
        "Sachsen-Anhalt": 0.7801685999,
        "Schleswig-Holstein": 0.5859962194,
        "Th\u00fcringen": 0.1739494829,
        "Total": 0.4416803257
    },
    "Timestamp": "2021-01-06T12:00:06.842365"
}