{
    "vaccinated_abs": {
        "Baden-W\u00fcrttemberg": 359441,
        "Bayern": 476962,
        "Berlin": 137133,
        "Brandenburg": 79933,
        "Bremen": 24349,
        "Hamburg": 66371,
        "Hessen": 195443,
        "Mecklenburg-Vorpommern": 56745,
        "Niedersachsen": 237348,
        "Nordrhein-Westfalen": 558007,
        "Rheinland-Pfalz": 143587,
        "Saarland": 30745,
        "Sachsen": 125432,
        "Sachsen-Anhalt": 66705,
        "Schleswig-Holstein": 98550,
        "Th\u00fcringen": 81352,
        "Bund": "-",
        "Total": 2738103
    },
    "inhabitants": {
        "Baden-W\u00fcrttemberg": 11100394.0,
        "Bayern": 13124737.0,
        "Berlin": 3669491.0,
        "Brandenburg": 2521893.0,
        "Bremen": 681202.0,
        "Hamburg": 1847253.0,
        "Hessen": 6288080.0,
        "Mecklenburg-Vorpommern": 1608138.0,
        "Niedersachsen": 7993608.0,
        "Nordrhein-Westfalen": 17947221.0,
        "Rheinland-Pfalz": 4093903.0,
        "Saarland": 986887.0,
        "Sachsen": 4071971.0,
        "Sachsen-Anhalt": 2194782.0,
        "Schleswig-Holstein": 2903773.0,
        "Th\u00fcringen": 2133378.0,
        "Bund": null,
        "Total": 83166711.0
    },
    "vaccinated_rel": {
        "Baden-W\u00fcrttemberg": 3.2380922695,
        "Bayern": 3.6340690103,
        "Berlin": 3.7371123134,
        "Brandenburg": 3.1695634985,
        "Bremen": 3.5744169864,
        "Hamburg": 3.5929566768,
        "Hessen": 3.1081506597,
        "Mecklenburg-Vorpommern": 3.5286150815,
        "Niedersachsen": 2.9692224087,
        "Nordrhein-Westfalen": 3.1091554509,
        "Rheinland-Pfalz": 3.5073376189,
        "Saarland": 3.1153516056,
        "Sachsen": 3.0803755724,
        "Sachsen-Anhalt": 3.0392540125,
        "Schleswig-Holstein": 3.3938603327,
        "Th\u00fcringen": 3.8132951591,
        "Bund": null,
        "Total": 3.2923064614
    },
    "Timestamp": "2021-03-12T14:00:09.338713"
}