{
    "vaccinated_rel": {
        "Baden-W\u00fcrttemberg": 17.4516147805,
        "Bayern": 17.4054840108,
        "Berlin": 17.6320912083,
        "Brandenburg": 17.8245865308,
        "Bremen": 21.4324091826,
        "Hamburg": 16.9740149292,
        "Hessen": 15.7718254221,
        "Mecklenburg-Vorpommern": 17.3934077797,
        "Niedersachsen": 15.8684413847,
        "Nordrhein-Westfalen": 17.0750000794,
        "Rheinland-Pfalz": 18.8579211574,
        "Saarland": 20.5324419108,
        "Sachsen": 20.9310920927,
        "Sachsen-Anhalt": 17.1426592709,
        "Schleswig-Holstein": 19.7784744193,
        "Th\u00fcringen": 19.5091540271,
        "ImpfzentrenBund": "-",
        "Total": 17.57319945
    },
    "vaccinated_abs": {
        "Total": 14615052.0
    },
    "Timestamp": "2021-06-01T11:00:03.292295"
}