{
    "vaccinated_rel": {
        "Baden-W\u00fcrttemberg": 25.1904932383,
        "Bayern": 26.746494044,
        "Berlin": 24.0637189191,
        "Brandenburg": 23.8546599717,
        "Bremen": 27.613101547,
        "Hamburg": 25.8356056263,
        "Hessen": 24.3551449727,
        "Mecklenburg-Vorpommern": 27.4613870203,
        "Niedersachsen": 26.1509195847,
        "Nordrhein-Westfalen": 26.9915047015,
        "Rheinland-Pfalz": 25.775916039,
        "Saarland": 28.6735968758,
        "Sachsen": 23.9233530887,
        "Sachsen-Anhalt": 26.6081095981,
        "Schleswig-Holstein": 25.1234514544,
        "Th\u00fcringen": 24.3810988957,
        "ImpfzentrenBund": "-",
        "Total": 25.926992592
    },
    "vaccinated_abs": {
        "Total": 21562627.0
    },
    "Timestamp": "2021-04-29T22:00:02.521890"
}