{
    "vaccinated_abs": {
        "Baden-W\u00fcrttemberg": 217101.0,
        "Bayern": 313523.0,
        "Berlin": 91948.0,
        "Brandenburg": 73844.0,
        "Bremen": 18525.0,
        "Hamburg": 44721.0,
        "Hessen": 123833.0,
        "Mecklenburg-Vorpommern": 56274.0,
        "Niedersachsen": 147097.0,
        "Nordrhein-Westfalen": 333232.0,
        "Rheinland-Pfalz": 139931.0,
        "Saarland": 21029.0,
        "Sachsen": 84339.0,
        "Sachsen-Anhalt": 49587.0,
        "Schleswig-Holstein": 89431.0,
        "Th\u00fcringen": 51042.0,
        "Total": 1855457.0
    },
    "inhabitants": {
        "Baden-W\u00fcrttemberg": 11100394,
        "Bayern": 13124737,
        "Berlin": 3669491,
        "Brandenburg": 2521893,
        "Bremen": 681202,
        "Hamburg": 1847253,
        "Hessen": 6288080,
        "Mecklenburg-Vorpommern": 1608138,
        "Niedersachsen": 7993608,
        "Nordrhein-Westfalen": 17947221,
        "Rheinland-Pfalz": 4093903,
        "Saarland": 986887,
        "Sachsen": 4071971,
        "Sachsen-Anhalt": 2194782,
        "Schleswig-Holstein": 2903773,
        "Th\u00fcringen": 2133378,
        "Total": 83166711
    },
    "vaccinated_rel": {
        "Baden-W\u00fcrttemberg": 1.9557954429,
        "Bayern": 2.3887945336,
        "Berlin": 2.5057426221,
        "Brandenburg": 2.928117886,
        "Bremen": 2.7194576645,
        "Hamburg": 2.4209461292,
        "Hessen": 1.9693292706,
        "Mecklenburg-Vorpommern": 3.4993265503,
        "Niedersachsen": 1.8401828061,
        "Nordrhein-Westfalen": 1.8567331399,
        "Rheinland-Pfalz": 3.4180340863,
        "Saarland": 2.1308417276,
        "Sachsen": 2.0712082674,
        "Sachsen-Anhalt": 2.2593132256,
        "Schleswig-Holstein": 3.0798206334,
        "Th\u00fcringen": 2.3925436561,
        "Total": 2.2310092316
    },
    "Timestamp": "2021-02-01T01:00:05.919290"
}