{
    "vaccinated_abs": {
        "Baden-W\u00fcrttemberg": 221979.0,
        "Bayern": 308948.0,
        "Berlin": 101745.0,
        "Brandenburg": 72156.0,
        "Bremen": 18610.0,
        "Hamburg": 46893.0,
        "Hessen": 112341.0,
        "Mecklenburg-Vorpommern": 44835.0,
        "Niedersachsen": 147888.0,
        "Nordrhein-Westfalen": 318882.0,
        "Rheinland-Pfalz": 131916.0,
        "Saarland": 20899.0,
        "Sachsen": 81193.0,
        "Sachsen-Anhalt": 47570.0,
        "Schleswig-Holstein": 79951.0,
        "Th\u00fcringen": 50800.0,
        "Total": 1806606.0
    },
    "inhabitants": {
        "Baden-W\u00fcrttemberg": 11100394,
        "Bayern": 13124737,
        "Berlin": 3669491,
        "Brandenburg": 2521893,
        "Bremen": 681202,
        "Hamburg": 1847253,
        "Hessen": 6288080,
        "Mecklenburg-Vorpommern": 1608138,
        "Niedersachsen": 7993608,
        "Nordrhein-Westfalen": 17947221,
        "Rheinland-Pfalz": 4093903,
        "Saarland": 986887,
        "Sachsen": 4071971,
        "Sachsen-Anhalt": 2194782,
        "Schleswig-Holstein": 2903773,
        "Th\u00fcringen": 2133378,
        "Total": 83166711
    },
    "vaccinated_rel": {
        "Baden-W\u00fcrttemberg": 1.9997398291,
        "Bayern": 2.3539366922,
        "Berlin": 2.7727278797,
        "Brandenburg": 2.8611840391,
        "Bremen": 2.7319356079,
        "Hamburg": 2.538526125,
        "Hessen": 1.7865707815,
        "Mecklenburg-Vorpommern": 2.7880069994,
        "Niedersachsen": 1.8500782125,
        "Nordrhein-Westfalen": 1.7767764714,
        "Rheinland-Pfalz": 3.2222551438,
        "Saarland": 2.1176689935,
        "Sachsen": 1.9939483852,
        "Sachsen-Anhalt": 2.1674134379,
        "Schleswig-Holstein": 2.7533488327,
        "Th\u00fcringen": 2.3812001436,
        "Total": 2.1722705855
    },
    "Timestamp": "2021-02-23T23:00:08.369837"
}