{
    "vaccinated_abs": {
        "Baden-W\u00fcrttemberg": 55320.0,
        "Bayern": 93966.0,
        "Berlin": 28871.0,
        "Brandenburg": 13895.0,
        "Bremen": 5291.0,
        "Hamburg": 9888.0,
        "Hessen": 48653.0,
        "Mecklenburg-Vorpommern": 25141.0,
        "Niedersachsen": 41646.0,
        "Nordrhein-Westfalen": 98950.0,
        "Rheinland-Pfalz": 25482.0,
        "Saarland": 8232.0,
        "Sachsen": 17991.0,
        "Sachsen-Anhalt": 20799.0,
        "Schleswig-Holstein": 28241.0,
        "Th\u00fcringen": 10512.0,
        "Total": 532878.0
    },
    "inhabitants": {
        "Baden-W\u00fcrttemberg": 11100394,
        "Bayern": 13124737,
        "Berlin": 3669491,
        "Brandenburg": 2521893,
        "Bremen": 681202,
        "Hamburg": 1847253,
        "Hessen": 6288080,
        "Mecklenburg-Vorpommern": 1608138,
        "Niedersachsen": 7993608,
        "Nordrhein-Westfalen": 17947221,
        "Rheinland-Pfalz": 4093903,
        "Saarland": 986887,
        "Sachsen": 4071971,
        "Sachsen-Anhalt": 2194782,
        "Schleswig-Holstein": 2903773,
        "Th\u00fcringen": 2133378,
        "Total": 83166711
    },
    "vaccinated_rel": {
        "Baden-W\u00fcrttemberg": 0.4983606888,
        "Bayern": 0.7159457748,
        "Berlin": 0.7867848702,
        "Brandenburg": 0.5509750017,
        "Bremen": 0.7767152768,
        "Hamburg": 0.5352813069,
        "Hessen": 0.7737337947,
        "Mecklenburg-Vorpommern": 1.5633608558,
        "Niedersachsen": 0.520991272,
        "Nordrhein-Westfalen": 0.5513388396,
        "Rheinland-Pfalz": 0.6224378057,
        "Saarland": 0.8341380523,
        "Sachsen": 0.441825347,
        "Sachsen-Anhalt": 0.9476567604,
        "Schleswig-Holstein": 0.9725622492,
        "Th\u00fcringen": 0.4927396833,
        "Total": 0.6407347286
    },
    "Timestamp": "2021-01-09T20:00:04.910638"
}