{
    "vaccinated_abs": {
        "Baden-W\u00fcrttemberg": 114954.0,
        "Bayern": 213837.0,
        "Berlin": 52622.0,
        "Brandenburg": 38474.0,
        "Bremen": 11845.0,
        "Hamburg": 24468.0,
        "Hessen": 72816.0,
        "Mecklenburg-Vorpommern": 37564.0,
        "Niedersachsen": 90005.0,
        "Nordrhein-Westfalen": 211779.0,
        "Rheinland-Pfalz": 82810.0,
        "Saarland": 15711.0,
        "Sachsen": 50002.0,
        "Sachsen-Anhalt": 33148.0,
        "Schleswig-Holstein": 65849.0,
        "Th\u00fcringen": 23413.0,
        "Total": 1139297.0
    },
    "inhabitants": {
        "Baden-W\u00fcrttemberg": 11100394,
        "Bayern": 13124737,
        "Berlin": 3669491,
        "Brandenburg": 2521893,
        "Bremen": 681202,
        "Hamburg": 1847253,
        "Hessen": 6288080,
        "Mecklenburg-Vorpommern": 1608138,
        "Niedersachsen": 7993608,
        "Nordrhein-Westfalen": 17947221,
        "Rheinland-Pfalz": 4093903,
        "Saarland": 986887,
        "Sachsen": 4071971,
        "Sachsen-Anhalt": 2194782,
        "Schleswig-Holstein": 2903773,
        "Th\u00fcringen": 2133378,
        "Total": 83166711
    },
    "vaccinated_rel": {
        "Baden-W\u00fcrttemberg": 1.035584863,
        "Bayern": 1.6292669331,
        "Berlin": 1.434040852,
        "Brandenburg": 1.5256000155,
        "Bremen": 1.7388381126,
        "Hamburg": 1.3245613893,
        "Hessen": 1.1580005343,
        "Mecklenburg-Vorpommern": 2.3358691854,
        "Niedersachsen": 1.1259621438,
        "Nordrhein-Westfalen": 1.1800099859,
        "Rheinland-Pfalz": 2.0227640958,
        "Saarland": 1.5919755757,
        "Sachsen": 1.2279557001,
        "Sachsen-Anhalt": 1.5103094521,
        "Schleswig-Holstein": 2.2677048103,
        "Th\u00fcringen": 1.0974613969,
        "Total": 1.3698954621
    },
    "Timestamp": "2021-01-19T09:00:05.597532"
}