{
    "vaccinated_abs": {
        "Baden-W\u00fcrttemberg": 1080589,
        "Bayern": 1344543,
        "Berlin": 371582,
        "Brandenburg": 258338,
        "Bremen": 76320,
        "Hamburg": 182998,
        "Hessen": 616264,
        "Mecklenburg-Vorpommern": 143656,
        "Niedersachsen": 761064,
        "Nordrhein-Westfalen": 1639704,
        "Rheinland-Pfalz": 443982,
        "Saarland": 115559,
        "Sachsen": 342572,
        "Sachsen-Anhalt": 212283,
        "Schleswig-Holstein": 319301,
        "Th\u00fcringen": 234541,
        "Bund": 6960,
        "Total": 8150256
    },
    "inhabitants": {
        "Baden-W\u00fcrttemberg": 11100394.0,
        "Bayern": 13124737.0,
        "Berlin": 3669491.0,
        "Brandenburg": 2521893.0,
        "Bremen": 681202.0,
        "Hamburg": 1847253.0,
        "Hessen": 6288080.0,
        "Mecklenburg-Vorpommern": 1608138.0,
        "Niedersachsen": 7993608.0,
        "Nordrhein-Westfalen": 17947221.0,
        "Rheinland-Pfalz": 4093903.0,
        "Saarland": 986887.0,
        "Sachsen": 4071971.0,
        "Sachsen-Anhalt": 2194782.0,
        "Schleswig-Holstein": 2903773.0,
        "Th\u00fcringen": 2133378.0,
        "Bund": null,
        "Total": 83166711.0
    },
    "vaccinated_rel": {
        "Baden-W\u00fcrttemberg": 9.7346904984,
        "Bayern": 10.24434242,
        "Berlin": 10.1262545677,
        "Brandenburg": 10.2438128818,
        "Bremen": 11.2037251799,
        "Hamburg": 9.906493588,
        "Hessen": 9.8005114439,
        "Mecklenburg-Vorpommern": 8.9330642022,
        "Niedersachsen": 9.5209072049,
        "Nordrhein-Westfalen": 9.1362556911,
        "Rheinland-Pfalz": 10.8449565122,
        "Saarland": 11.7094459649,
        "Sachsen": 8.4129282846,
        "Sachsen-Anhalt": 9.6721678964,
        "Schleswig-Holstein": 10.9960730401,
        "Th\u00fcringen": 10.9938791907,
        "Bund": null,
        "Total": 9.79990179
    },
    "Timestamp": "2021-03-26T07:00:07.094964"
}