{
    "vaccinated_abs": {
        "Baden-W\u00fcrttemberg": 27454,
        "Bayern": 66258,
        "Berlin": 17758,
        "Brandenburg": 3309,
        "Bremen": 1903,
        "Hamburg": 4140,
        "Hessen": 33405,
        "Mecklenburg-Vorpommern": 11494,
        "Niedersachsen": 5394,
        "Nordrhein-Westfalen": 53841,
        "Rheinland-Pfalz": 8282,
        "Saarland": 4149,
        "Sachsen": 4866,
        "Sachsen-Anhalt": 13366,
        "Schleswig-Holstein": 9557,
        "Th\u00fcringen": 810,
        "Total": 265986
    },
    "inhabitants": {
        "Baden-W\u00fcrttemberg": 11100394,
        "Bayern": 13124737,
        "Berlin": 3669491,
        "Brandenburg": 2521893,
        "Bremen": 681202,
        "Hamburg": 1847253,
        "Hessen": 6288080,
        "Mecklenburg-Vorpommern": 1608138,
        "Niedersachsen": 7993608,
        "Nordrhein-Westfalen": 17947221,
        "Rheinland-Pfalz": 4093903,
        "Saarland": 986887,
        "Sachsen": 4071971,
        "Sachsen-Anhalt": 2194782,
        "Schleswig-Holstein": 2903773,
        "Th\u00fcringen": 2133378,
        "Total": 83166711
    },
    "vaccinated_rel": {
        "Baden-W\u00fcrttemberg": 0.2473245544,
        "Bayern": 0.504832973,
        "Berlin": 0.483936328,
        "Brandenburg": 0.1312109594,
        "Bremen": 0.2793591328,
        "Hamburg": 0.2241165666,
        "Hessen": 0.5312432412,
        "Mecklenburg-Vorpommern": 0.7147396554,
        "Niedersachsen": 0.0674789157,
        "Nordrhein-Westfalen": 0.2999963058,
        "Rheinland-Pfalz": 0.2023008361,
        "Saarland": 0.420412874,
        "Sachsen": 0.1194998687,
        "Sachsen-Anhalt": 0.6089898678,
        "Schleswig-Holstein": 0.3291235231,
        "Th\u00fcringen": 0.037967955,
        "Total": 0.3198226752
    },
    "Timestamp": "2021-01-04T17:00:05.909366"
}