{
    "vaccinated_abs": {
        "Baden-W\u00fcrttemberg": 683111,
        "Bayern": 893581,
        "Berlin": 229311,
        "Brandenburg": 129196,
        "Bremen": 48323,
        "Hamburg": 121158,
        "Hessen": 379480,
        "Mecklenburg-Vorpommern": 93201,
        "Niedersachsen": 464397,
        "Nordrhein-Westfalen": 1073810,
        "Rheinland-Pfalz": 267383,
        "Saarland": 69345,
        "Sachsen": 266909,
        "Sachsen-Anhalt": 122621,
        "Schleswig-Holstein": 186133,
        "Th\u00fcringen": 142256,
        "Bund": "-",
        "Total": 5170215
    },
    "inhabitants": {
        "Baden-W\u00fcrttemberg": 11100394.0,
        "Bayern": 13124737.0,
        "Berlin": 3669491.0,
        "Brandenburg": 2521893.0,
        "Bremen": 681202.0,
        "Hamburg": 1847253.0,
        "Hessen": 6288080.0,
        "Mecklenburg-Vorpommern": 1608138.0,
        "Niedersachsen": 7993608.0,
        "Nordrhein-Westfalen": 17947221.0,
        "Rheinland-Pfalz": 4093903.0,
        "Saarland": 986887.0,
        "Sachsen": 4071971.0,
        "Sachsen-Anhalt": 2194782.0,
        "Schleswig-Holstein": 2903773.0,
        "Th\u00fcringen": 2133378.0,
        "Bund": null,
        "Total": 83166711.0
    },
    "vaccinated_rel": {
        "Baden-W\u00fcrttemberg": 6.1539347162,
        "Bayern": 6.8083726173,
        "Berlin": 6.2491228347,
        "Brandenburg": 5.1229770652,
        "Bremen": 7.0937842226,
        "Hamburg": 6.5588200425,
        "Hessen": 6.0349104973,
        "Mecklenburg-Vorpommern": 5.7955847073,
        "Niedersachsen": 5.8096043739,
        "Nordrhein-Westfalen": 5.9831547179,
        "Rheinland-Pfalz": 6.5312490306,
        "Saarland": 7.0266403347,
        "Sachsen": 6.5547863676,
        "Sachsen-Anhalt": 5.5869330075,
        "Schleswig-Holstein": 6.4100396278,
        "Th\u00fcringen": 6.6681103864,
        "Bund": null,
        "Total": 6.2166880689
    },
    "Timestamp": "2021-03-08T13:00:03.791223"
}