{
    "vaccinated_rel": {
        "Baden-W\u00fcrttemberg": 16.8257991563,
        "Bayern": 17.9777621449,
        "Berlin": 17.7196782878,
        "Brandenburg": 17.7977416171,
        "Bremen": 20.885141265,
        "Hamburg": 17.5734455432,
        "Hessen": 16.1731880002,
        "Mecklenburg-Vorpommern": 16.9051412254,
        "Niedersachsen": 17.0607690545,
        "Nordrhein-Westfalen": 18.3728388924,
        "Rheinland-Pfalz": 17.9735084099,
        "Saarland": 20.1506352804,
        "Sachsen": 17.3811650427,
        "Sachsen-Anhalt": 18.6903300647,
        "Schleswig-Holstein": 19.2247121245,
        "Th\u00fcringen": 18.2784766694,
        "ImpfzentrenBund": "-",
        "Total": 17.7642085666
    },
    "vaccinated_abs": {
        "Total": 14773908.0
    },
    "Timestamp": "2021-04-15T20:00:02.843399"
}