{
    "vaccinated_abs": {
        "Baden-W\u00fcrttemberg": 493774,
        "Bayern": 655132,
        "Berlin": 181888,
        "Brandenburg": 94070,
        "Bremen": 32786,
        "Hamburg": 85507,
        "Hessen": 291723,
        "Mecklenburg-Vorpommern": 70939,
        "Niedersachsen": 373442,
        "Nordrhein-Westfalen": 745596,
        "Rheinland-Pfalz": 175734,
        "Saarland": 40595,
        "Sachsen": 216687,
        "Sachsen-Anhalt": 88718,
        "Schleswig-Holstein": 107970,
        "Th\u00fcringen": 113499,
        "Bund": 20,
        "Total": 3768080
    },
    "inhabitants": {
        "Baden-W\u00fcrttemberg": 11100394.0,
        "Bayern": 13124737.0,
        "Berlin": 3669491.0,
        "Brandenburg": 2521893.0,
        "Bremen": 681202.0,
        "Hamburg": 1847253.0,
        "Hessen": 6288080.0,
        "Mecklenburg-Vorpommern": 1608138.0,
        "Niedersachsen": 7993608.0,
        "Nordrhein-Westfalen": 17947221.0,
        "Rheinland-Pfalz": 4093903.0,
        "Saarland": 986887.0,
        "Sachsen": 4071971.0,
        "Sachsen-Anhalt": 2194782.0,
        "Schleswig-Holstein": 2903773.0,
        "Th\u00fcringen": 2133378.0,
        "Bund": null,
        "Total": 83166711.0
    },
    "vaccinated_rel": {
        "Baden-W\u00fcrttemberg": 4.4482565213,
        "Bayern": 4.9915819266,
        "Berlin": 4.9567637582,
        "Brandenburg": 3.7301344665,
        "Bremen": 4.8129629684,
        "Hamburg": 4.6288732513,
        "Hessen": 4.6393016628,
        "Mecklenburg-Vorpommern": 4.4112507757,
        "Niedersachsen": 4.6717577344,
        "Nordrhein-Westfalen": 4.1543813385,
        "Rheinland-Pfalz": 4.2925785003,
        "Saarland": 4.1134395326,
        "Sachsen": 5.3214278785,
        "Sachsen-Anhalt": 4.0422237835,
        "Schleswig-Holstein": 3.7182658562,
        "Th\u00fcringen": 5.3201542343,
        "Bund": null,
        "Total": 4.5307550998
    },
    "Timestamp": "2021-03-29T01:00:05.642355"
}