{
    "vaccinated_abs": {
        "Baden-W\u00fcrttemberg": 49103.0,
        "Bayern": 88916.0,
        "Berlin": 26406.0,
        "Brandenburg": 11481.0,
        "Bremen": 4505.0,
        "Hamburg": 8471.0,
        "Hessen": 46006.0,
        "Mecklenburg-Vorpommern": 24060.0,
        "Niedersachsen": 32170.0,
        "Nordrhein-Westfalen": 90802.0,
        "Rheinland-Pfalz": 20792.0,
        "Saarland": 7358.0,
        "Sachsen": 15593.0,
        "Sachsen-Anhalt": 19399.0,
        "Schleswig-Holstein": 23903.0,
        "Th\u00fcringen": 7994.0,
        "Total": 476959.0
    },
    "inhabitants": {
        "Baden-W\u00fcrttemberg": 11100394,
        "Bayern": 13124737,
        "Berlin": 3669491,
        "Brandenburg": 2521893,
        "Bremen": 681202,
        "Hamburg": 1847253,
        "Hessen": 6288080,
        "Mecklenburg-Vorpommern": 1608138,
        "Niedersachsen": 7993608,
        "Nordrhein-Westfalen": 17947221,
        "Rheinland-Pfalz": 4093903,
        "Saarland": 986887,
        "Sachsen": 4071971,
        "Sachsen-Anhalt": 2194782,
        "Schleswig-Holstein": 2903773,
        "Th\u00fcringen": 2133378,
        "Total": 83166711
    },
    "vaccinated_rel": {
        "Baden-W\u00fcrttemberg": 0.4423536678,
        "Bayern": 0.6774688133,
        "Berlin": 0.7196093409,
        "Brandenburg": 0.4552532562,
        "Bremen": 0.6613310002,
        "Hamburg": 0.4585728105,
        "Hessen": 0.7316382743,
        "Mecklenburg-Vorpommern": 1.4961402566,
        "Niedersachsen": 0.4024465548,
        "Nordrhein-Westfalen": 0.5059390532,
        "Rheinland-Pfalz": 0.5078772018,
        "Saarland": 0.7455767479,
        "Sachsen": 0.3829349472,
        "Sachsen-Anhalt": 0.8838691041,
        "Schleswig-Holstein": 0.8231704062,
        "Th\u00fcringen": 0.3747109045,
        "Total": 0.5734974899
    },
    "Timestamp": "2021-01-09T01:00:04.027227"
}