{
    "vaccinated_abs": {
        "Baden-W\u00fcrttemberg": 883965,
        "Bayern": 1147115,
        "Berlin": 303637,
        "Brandenburg": 187196,
        "Bremen": 61555,
        "Hamburg": 155380,
        "Hessen": 514218,
        "Mecklenburg-Vorpommern": 119881,
        "Niedersachsen": 606701,
        "Nordrhein-Westfalen": 1384577,
        "Rheinland-Pfalz": 349682,
        "Saarland": 89244,
        "Sachsen": 317780,
        "Sachsen-Anhalt": 161437,
        "Schleswig-Holstein": 246457,
        "Th\u00fcringen": 183370,
        "Bund": 6064,
        "Total": 6712195
    },
    "inhabitants": {
        "Baden-W\u00fcrttemberg": 11100394.0,
        "Bayern": 13124737.0,
        "Berlin": 3669491.0,
        "Brandenburg": 2521893.0,
        "Bremen": 681202.0,
        "Hamburg": 1847253.0,
        "Hessen": 6288080.0,
        "Mecklenburg-Vorpommern": 1608138.0,
        "Niedersachsen": 7993608.0,
        "Nordrhein-Westfalen": 17947221.0,
        "Rheinland-Pfalz": 4093903.0,
        "Saarland": 986887.0,
        "Sachsen": 4071971.0,
        "Sachsen-Anhalt": 2194782.0,
        "Schleswig-Holstein": 2903773.0,
        "Th\u00fcringen": 2133378.0,
        "Bund": null,
        "Total": 83166711.0
    },
    "vaccinated_rel": {
        "Baden-W\u00fcrttemberg": 7.963365985,
        "Bayern": 8.7400989445,
        "Berlin": 8.274635365,
        "Brandenburg": 7.4228367342,
        "Bremen": 9.0362330116,
        "Hamburg": 8.4114087242,
        "Hessen": 8.1776631341,
        "Mecklenburg-Vorpommern": 7.4546463052,
        "Niedersachsen": 7.5898267716,
        "Nordrhein-Westfalen": 7.7147152754,
        "Rheinland-Pfalz": 8.5415311501,
        "Saarland": 9.0429806047,
        "Sachsen": 7.8040830841,
        "Sachsen-Anhalt": 7.3554913426,
        "Schleswig-Holstein": 8.4874747441,
        "Th\u00fcringen": 8.5952887861,
        "Bund": null,
        "Total": 8.0707712488
    },
    "Timestamp": "2021-03-17T02:00:03.708722"
}