{
    "vaccinated_abs": {
        "Baden-W\u00fcrttemberg": 301407.0,
        "Bayern": 406322.0,
        "Berlin": 122135.0,
        "Brandenburg": 79666.0,
        "Bremen": 22764.0,
        "Hamburg": 57231.0,
        "Hessen": 170502.0,
        "Mecklenburg-Vorpommern": 62865.0,
        "Niedersachsen": 187553.0,
        "Nordrhein-Westfalen": 475747.0,
        "Rheinland-Pfalz": 147196.0,
        "Saarland": 26444.0,
        "Sachsen": 115273.0,
        "Sachsen-Anhalt": 59110.0,
        "Schleswig-Holstein": 99871.0,
        "Th\u00fcringen": 71070.0,
        "Total": 2405156.0
    },
    "inhabitants": {
        "Baden-W\u00fcrttemberg": 11100394,
        "Bayern": 13124737,
        "Berlin": 3669491,
        "Brandenburg": 2521893,
        "Bremen": 681202,
        "Hamburg": 1847253,
        "Hessen": 6288080,
        "Mecklenburg-Vorpommern": 1608138,
        "Niedersachsen": 7993608,
        "Nordrhein-Westfalen": 17947221,
        "Rheinland-Pfalz": 4093903,
        "Saarland": 986887,
        "Sachsen": 4071971,
        "Sachsen-Anhalt": 2194782,
        "Schleswig-Holstein": 2903773,
        "Th\u00fcringen": 2133378,
        "Total": 83166711
    },
    "vaccinated_rel": {
        "Baden-W\u00fcrttemberg": 2.7152819981,
        "Bayern": 3.0958487016,
        "Berlin": 3.3283907768,
        "Brandenburg": 3.1589762135,
        "Bremen": 3.3417400419,
        "Hamburg": 3.0981679283,
        "Hessen": 2.7115113039,
        "Mecklenburg-Vorpommern": 3.9091794361,
        "Niedersachsen": 2.3462871835,
        "Nordrhein-Westfalen": 2.65081151,
        "Rheinland-Pfalz": 3.5954931028,
        "Saarland": 2.6795367656,
        "Sachsen": 2.8308895127,
        "Sachsen-Anhalt": 2.6932059767,
        "Schleswig-Holstein": 3.4393528695,
        "Th\u00fcringen": 3.3313365001,
        "Total": 2.8919696007
    },
    "Timestamp": "2021-02-11T05:00:05.499518"
}