{
    "vaccinated_abs": {
        "Baden-W\u00fcrttemberg": 341642.0,
        "Bayern": 471231.0,
        "Berlin": 130316.0,
        "Brandenburg": 81615.0,
        "Bremen": 25045.0,
        "Hamburg": 66161.0,
        "Hessen": 192608.0,
        "Mecklenburg-Vorpommern": 62232.0,
        "Niedersachsen": 212830.0,
        "Nordrhein-Westfalen": 584485.0,
        "Rheinland-Pfalz": 151170.0,
        "Saarland": 32947.0,
        "Sachsen": 129439.0,
        "Sachsen-Anhalt": 67797.0,
        "Schleswig-Holstein": 104943.0,
        "Th\u00fcringen": 81648.0,
        "Total": 2736109.0
    },
    "inhabitants": {
        "Baden-W\u00fcrttemberg": 11100394,
        "Bayern": 13124737,
        "Berlin": 3669491,
        "Brandenburg": 2521893,
        "Bremen": 681202,
        "Hamburg": 1847253,
        "Hessen": 6288080,
        "Mecklenburg-Vorpommern": 1608138,
        "Niedersachsen": 7993608,
        "Nordrhein-Westfalen": 17947221,
        "Rheinland-Pfalz": 4093903,
        "Saarland": 986887,
        "Sachsen": 4071971,
        "Sachsen-Anhalt": 2194782,
        "Schleswig-Holstein": 2903773,
        "Th\u00fcringen": 2133378,
        "Total": 83166711
    },
    "vaccinated_rel": {
        "Baden-W\u00fcrttemberg": 3.0777466097,
        "Bayern": 3.5904033734,
        "Berlin": 3.5513372291,
        "Brandenburg": 3.2362594289,
        "Bremen": 3.676589323,
        "Hamburg": 3.5815884451,
        "Hessen": 3.0630653554,
        "Mecklenburg-Vorpommern": 3.8698171426,
        "Niedersachsen": 2.6625023394,
        "Nordrhein-Westfalen": 3.256688041,
        "Rheinland-Pfalz": 3.692564284,
        "Saarland": 3.3384774549,
        "Sachsen": 3.178780006,
        "Sachsen-Anhalt": 3.0890083844,
        "Schleswig-Holstein": 3.6140221705,
        "Th\u00fcringen": 3.8271698686,
        "Total": 3.2899088675
    },
    "Timestamp": "2021-02-16T03:00:09.082173"
}