{
    "vaccinated_abs": {
        "Baden-W\u00fcrttemberg": 400727,
        "Bayern": 527756,
        "Berlin": 145401,
        "Brandenburg": 82072,
        "Bremen": 26798,
        "Hamburg": 72962,
        "Hessen": 220090,
        "Mecklenburg-Vorpommern": 59349,
        "Niedersachsen": 273406,
        "Nordrhein-Westfalen": 614718,
        "Rheinland-Pfalz": 144738,
        "Saarland": 34130,
        "Sachsen": 153617,
        "Sachsen-Anhalt": 72122,
        "Schleswig-Holstein": 99570,
        "Th\u00fcringen": 91294,
        "Bund": 20,
        "Total": 3018750
    },
    "inhabitants": {
        "Baden-W\u00fcrttemberg": 11100394.0,
        "Bayern": 13124737.0,
        "Berlin": 3669491.0,
        "Brandenburg": 2521893.0,
        "Bremen": 681202.0,
        "Hamburg": 1847253.0,
        "Hessen": 6288080.0,
        "Mecklenburg-Vorpommern": 1608138.0,
        "Niedersachsen": 7993608.0,
        "Nordrhein-Westfalen": 17947221.0,
        "Rheinland-Pfalz": 4093903.0,
        "Saarland": 986887.0,
        "Sachsen": 4071971.0,
        "Sachsen-Anhalt": 2194782.0,
        "Schleswig-Holstein": 2903773.0,
        "Th\u00fcringen": 2133378.0,
        "Bund": null,
        "Total": 83166711.0
    },
    "vaccinated_rel": {
        "Baden-W\u00fcrttemberg": 3.6100250135,
        "Bayern": 4.02107867,
        "Berlin": 3.9624296667,
        "Brandenburg": 3.254380737,
        "Bremen": 3.9339285557,
        "Hamburg": 3.9497567469,
        "Hessen": 3.5001145024,
        "Mecklenburg-Vorpommern": 3.6905414834,
        "Niedersachsen": 3.420307826,
        "Nordrhein-Westfalen": 3.4251430904,
        "Rheinland-Pfalz": 3.5354525987,
        "Saarland": 3.4583493348,
        "Sachsen": 3.7725465137,
        "Sachsen-Anhalt": 3.28606668,
        "Schleswig-Holstein": 3.4289870455,
        "Th\u00fcringen": 4.2793166518,
        "Bund": null,
        "Total": 3.6297575841
    },
    "Timestamp": "2021-03-17T14:00:08.081317"
}