{
    "vaccinated_rel": {
        "Baden-W\u00fcrttemberg": 39.5926577021,
        "Bayern": 40.8483080461,
        "Berlin": 37.9576077445,
        "Brandenburg": 35.3855615603,
        "Bremen": 41.2550168672,
        "Hamburg": 38.3979887974,
        "Hessen": 40.5585488734,
        "Mecklenburg-Vorpommern": 41.6518358499,
        "Niedersachsen": 40.9466663864,
        "Nordrhein-Westfalen": 42.7861059938,
        "Rheinland-Pfalz": 38.6607840977,
        "Saarland": 44.1874297665,
        "Sachsen": 35.0901074688,
        "Sachsen-Anhalt": 38.1180909995,
        "Schleswig-Holstein": 38.7657024154,
        "Th\u00fcringen": 37.5040897581,
        "ImpfzentrenBund": "-",
        "Total": 40.2841492674
    },
    "vaccinated_abs": {
        "Total": 33503002.0
    },
    "Timestamp": "2021-05-26T01:00:01.784431"
}