{
    "vaccinated_rel": {
        "Baden-W\u00fcrttemberg": 17.8369614628,
        "Bayern": 17.9668819269,
        "Berlin": 17.9135743895,
        "Brandenburg": 18.3064071315,
        "Bremen": 21.8490256928,
        "Hamburg": 17.624277779,
        "Hessen": 16.1361496673,
        "Mecklenburg-Vorpommern": 17.9993881122,
        "Niedersachsen": 16.3040018975,
        "Nordrhein-Westfalen": 17.6991078452,
        "Rheinland-Pfalz": 19.2971841297,
        "Saarland": 21.1638211872,
        "Sachsen": 21.2482603633,
        "Sachsen-Anhalt": 17.6619819189,
        "Schleswig-Holstein": 19.9836213092,
        "Th\u00fcringen": 19.7197589925,
        "ImpfzentrenBund": "-",
        "Total": 18.0480504994
    },
    "vaccinated_abs": {
        "Total": 15009970.0
    },
    "Timestamp": "2021-06-01T18:00:02.664949"
}