{
    "vaccinated_rel": {
        "Baden-W\u00fcrttemberg": 38.4588601089,
        "Bayern": 40.2034494101,
        "Berlin": 36.495334094,
        "Brandenburg": 34.3269123631,
        "Bremen": 39.9705226937,
        "Hamburg": 37.6954862166,
        "Hessen": 39.4410535489,
        "Mecklenburg-Vorpommern": 41.1210356325,
        "Niedersachsen": 40.2596924943,
        "Nordrhein-Westfalen": 41.5823430268,
        "Rheinland-Pfalz": 37.7243183339,
        "Saarland": 43.4372932261,
        "Sachsen": 34.1921393841,
        "Sachsen-Anhalt": 37.5101035091,
        "Schleswig-Holstein": 36.0311567054,
        "Th\u00fcringen": 36.1887579229,
        "ImpfzentrenBund": "-",
        "Total": 39.2390652553
    },
    "vaccinated_abs": {
        "Total": 32633840.0
    },
    "Timestamp": "2021-05-22T03:00:01.830178"
}