{
    "vaccinated_abs": {
        "Baden-W\u00fcrttemberg": 259979.0,
        "Bayern": 359964.0,
        "Berlin": 108465.0,
        "Brandenburg": 77381.0,
        "Bremen": 20778.0,
        "Hamburg": 52070.0,
        "Hessen": 147967.0,
        "Mecklenburg-Vorpommern": 60083.0,
        "Niedersachsen": 170397.0,
        "Nordrhein-Westfalen": 413149.0,
        "Rheinland-Pfalz": 144633.0,
        "Saarland": 24022.0,
        "Sachsen": 100862.0,
        "Sachsen-Anhalt": 55706.0,
        "Schleswig-Holstein": 95087.0,
        "Th\u00fcringen": 62457.0,
        "Total": 2153000.0
    },
    "inhabitants": {
        "Baden-W\u00fcrttemberg": 11100394,
        "Bayern": 13124737,
        "Berlin": 3669491,
        "Brandenburg": 2521893,
        "Bremen": 681202,
        "Hamburg": 1847253,
        "Hessen": 6288080,
        "Mecklenburg-Vorpommern": 1608138,
        "Niedersachsen": 7993608,
        "Nordrhein-Westfalen": 17947221,
        "Rheinland-Pfalz": 4093903,
        "Saarland": 986887,
        "Sachsen": 4071971,
        "Sachsen-Anhalt": 2194782,
        "Schleswig-Holstein": 2903773,
        "Th\u00fcringen": 2133378,
        "Total": 83166711
    },
    "vaccinated_rel": {
        "Baden-W\u00fcrttemberg": 2.3420700202,
        "Bayern": 2.7426378144,
        "Berlin": 2.9558595456,
        "Brandenburg": 3.0683696731,
        "Bremen": 3.0501965643,
        "Hamburg": 2.8187801021,
        "Hessen": 2.3531348202,
        "Mecklenburg-Vorpommern": 3.7361843324,
        "Niedersachsen": 2.1316657009,
        "Nordrhein-Westfalen": 2.3020221348,
        "Rheinland-Pfalz": 3.532887809,
        "Saarland": 2.4341185972,
        "Sachsen": 2.4769822771,
        "Sachsen-Anhalt": 2.5381108465,
        "Schleswig-Holstein": 3.2746016992,
        "Th\u00fcringen": 2.9276105782,
        "Total": 2.5887761751
    },
    "Timestamp": "2021-02-05T20:00:07.131925"
}