{
    "vaccinated_rel": {
        "Baden-W\u00fcrttemberg": 8.9573036777,
        "Bayern": 8.9553032567,
        "Berlin": 11.090066715,
        "Brandenburg": 9.5847444757,
        "Bremen": 12.1403049316,
        "Hamburg": 8.7088774521,
        "Hessen": 8.5041856974,
        "Mecklenburg-Vorpommern": 8.643288076,
        "Niedersachsen": 8.1259301182,
        "Nordrhein-Westfalen": 8.5635765002,
        "Rheinland-Pfalz": 11.0246871995,
        "Saarland": 9.6803382758,
        "Sachsen": 12.854585654,
        "Sachsen-Anhalt": 9.1915734683,
        "Schleswig-Holstein": 11.0602653858,
        "Th\u00fcringen": 13.5887311109,
        "ImpfzentrenBund": "-",
        "Total": 9.3948418857
    },
    "vaccinated_abs": {
        "Total": 7813381.0
    },
    "Timestamp": "2021-05-11T02:00:02.962677"
}