{
    "vaccinated_rel": {
        "Baden-W\u00fcrttemberg": 37.8416297656,
        "Bayern": 39.7636539307,
        "Berlin": 35.8016956575,
        "Brandenburg": 33.7655879928,
        "Bremen": 39.4236951741,
        "Hamburg": 37.2723173274,
        "Hessen": 38.8342546532,
        "Mecklenburg-Vorpommern": 40.6011797495,
        "Niedersachsen": 39.7817356067,
        "Nordrhein-Westfalen": 41.008148281,
        "Rheinland-Pfalz": 37.0493145539,
        "Saarland": 43.0080647531,
        "Sachsen": 33.6283092389,
        "Sachsen-Anhalt": 36.977066515,
        "Schleswig-Holstein": 35.8031430143,
        "Th\u00fcringen": 35.50519411,
        "ImpfzentrenBund": "-",
        "Total": 38.6917260681
    },
    "vaccinated_abs": {
        "Total": 32178636.0
    },
    "Timestamp": "2021-05-21T03:00:02.415326"
}