{
    "vaccinated_abs": {
        "Baden-W\u00fcrttemberg": 482226,
        "Bayern": 643150,
        "Berlin": 176294,
        "Brandenburg": 91914,
        "Bremen": 32087,
        "Hamburg": 84229,
        "Hessen": 283525,
        "Mecklenburg-Vorpommern": 69705,
        "Niedersachsen": 361429,
        "Nordrhein-Westfalen": 729445,
        "Rheinland-Pfalz": 174464,
        "Saarland": 39798,
        "Sachsen": 210757,
        "Sachsen-Anhalt": 86927,
        "Schleswig-Holstein": 106399,
        "Th\u00fcringen": 110685,
        "Bund": 20,
        "Total": 3683054
    },
    "inhabitants": {
        "Baden-W\u00fcrttemberg": 11100394.0,
        "Bayern": 13124737.0,
        "Berlin": 3669491.0,
        "Brandenburg": 2521893.0,
        "Bremen": 681202.0,
        "Hamburg": 1847253.0,
        "Hessen": 6288080.0,
        "Mecklenburg-Vorpommern": 1608138.0,
        "Niedersachsen": 7993608.0,
        "Nordrhein-Westfalen": 17947221.0,
        "Rheinland-Pfalz": 4093903.0,
        "Saarland": 986887.0,
        "Sachsen": 4071971.0,
        "Sachsen-Anhalt": 2194782.0,
        "Schleswig-Holstein": 2903773.0,
        "Th\u00fcringen": 2133378.0,
        "Bund": null,
        "Total": 83166711.0
    },
    "vaccinated_rel": {
        "Baden-W\u00fcrttemberg": 4.344224178,
        "Bayern": 4.9002886686,
        "Berlin": 4.804317547,
        "Brandenburg": 3.6446431312,
        "Bremen": 4.7103502339,
        "Hamburg": 4.5596894416,
        "Hessen": 4.5089280035,
        "Mecklenburg-Vorpommern": 4.3345160677,
        "Niedersachsen": 4.5214751587,
        "Nordrhein-Westfalen": 4.0643896902,
        "Rheinland-Pfalz": 4.2615567589,
        "Saarland": 4.0326805399,
        "Sachsen": 5.1757981577,
        "Sachsen-Anhalt": 3.960621146,
        "Schleswig-Holstein": 3.664163831,
        "Th\u00fcringen": 5.188250746,
        "Bund": null,
        "Total": 4.428519483
    },
    "Timestamp": "2021-03-26T18:00:05.329921"
}