{
    "vaccinated_abs": {
        "Baden-W\u00fcrttemberg": 419918,
        "Bayern": 557192,
        "Berlin": 150546,
        "Brandenburg": 84325,
        "Bremen": 28222,
        "Hamburg": 75606,
        "Hessen": 236290,
        "Mecklenburg-Vorpommern": 61419,
        "Niedersachsen": 296734,
        "Nordrhein-Westfalen": 635816,
        "Rheinland-Pfalz": 152712,
        "Saarland": 35447,
        "Sachsen": 165103,
        "Sachsen-Anhalt": 76114,
        "Schleswig-Holstein": 100219,
        "Th\u00fcringen": 96870,
        "Bund": 20,
        "Total": 3172553
    },
    "inhabitants": {
        "Baden-W\u00fcrttemberg": 11100394.0,
        "Bayern": 13124737.0,
        "Berlin": 3669491.0,
        "Brandenburg": 2521893.0,
        "Bremen": 681202.0,
        "Hamburg": 1847253.0,
        "Hessen": 6288080.0,
        "Mecklenburg-Vorpommern": 1608138.0,
        "Niedersachsen": 7993608.0,
        "Nordrhein-Westfalen": 17947221.0,
        "Rheinland-Pfalz": 4093903.0,
        "Saarland": 986887.0,
        "Sachsen": 4071971.0,
        "Sachsen-Anhalt": 2194782.0,
        "Schleswig-Holstein": 2903773.0,
        "Th\u00fcringen": 2133378.0,
        "Bund": null,
        "Total": 83166711.0
    },
    "vaccinated_rel": {
        "Baden-W\u00fcrttemberg": 3.7829107688,
        "Bayern": 4.2453574498,
        "Berlin": 4.1026398484,
        "Brandenburg": 3.3437183893,
        "Bremen": 4.1429708075,
        "Hamburg": 4.0928881967,
        "Hessen": 3.7577448124,
        "Mecklenburg-Vorpommern": 3.8192617798,
        "Niedersachsen": 3.7121410007,
        "Nordrhein-Westfalen": 3.5426988947,
        "Rheinland-Pfalz": 3.7302300519,
        "Saarland": 3.5917992637,
        "Sachsen": 4.0546212141,
        "Sachsen-Anhalt": 3.4679526258,
        "Schleswig-Holstein": 3.4513372774,
        "Th\u00fcringen": 4.5406861794,
        "Bund": null,
        "Total": 3.8146909525
    },
    "Timestamp": "2021-03-20T01:00:05.573028"
}