{
    "vaccinated_abs": {
        "Baden-W\u00fcrttemberg": 349550,
        "Bayern": 466823,
        "Berlin": 135254,
        "Brandenburg": 79254,
        "Bremen": 23908,
        "Hamburg": 65116,
        "Hessen": 190260,
        "Mecklenburg-Vorpommern": 56328,
        "Niedersachsen": 225366,
        "Nordrhein-Westfalen": 546939,
        "Rheinland-Pfalz": 143346,
        "Saarland": 29511,
        "Sachsen": 121373,
        "Sachsen-Anhalt": 64872,
        "Schleswig-Holstein": 98039,
        "Th\u00fcringen": 78753,
        "Bund": "-",
        "Total": 2674692
    },
    "inhabitants": {
        "Baden-W\u00fcrttemberg": 11100394.0,
        "Bayern": 13124737.0,
        "Berlin": 3669491.0,
        "Brandenburg": 2521893.0,
        "Bremen": 681202.0,
        "Hamburg": 1847253.0,
        "Hessen": 6288080.0,
        "Mecklenburg-Vorpommern": 1608138.0,
        "Niedersachsen": 7993608.0,
        "Nordrhein-Westfalen": 17947221.0,
        "Rheinland-Pfalz": 4093903.0,
        "Saarland": 986887.0,
        "Sachsen": 4071971.0,
        "Sachsen-Anhalt": 2194782.0,
        "Schleswig-Holstein": 2903773.0,
        "Th\u00fcringen": 2133378.0,
        "Bund": null,
        "Total": 83166711.0
    },
    "vaccinated_rel": {
        "Baden-W\u00fcrttemberg": 3.1489873242,
        "Bayern": 3.5568179385,
        "Berlin": 3.6859063014,
        "Brandenburg": 3.1426392793,
        "Bremen": 3.5096784801,
        "Hamburg": 3.5250179591,
        "Hessen": 3.0257248636,
        "Mecklenburg-Vorpommern": 3.5026844711,
        "Niedersachsen": 2.8193276428,
        "Nordrhein-Westfalen": 3.0474857361,
        "Rheinland-Pfalz": 3.501450816,
        "Saarland": 2.9903119607,
        "Sachsen": 2.9806941159,
        "Sachsen-Anhalt": 2.9557377453,
        "Schleswig-Holstein": 3.3762625384,
        "Th\u00fcringen": 3.6914695849,
        "Bund": null,
        "Total": 3.2160608107
    },
    "Timestamp": "2021-03-11T15:00:06.632957"
}