{
    "vaccinated_rel": {
        "Baden-W\u00fcrttemberg": 11.173846622,
        "Bayern": 10.4978941673,
        "Berlin": 12.6522452297,
        "Brandenburg": 11.965575066,
        "Bremen": 14.6030105607,
        "Hamburg": 10.2381211453,
        "Hessen": 10.1630704444,
        "Mecklenburg-Vorpommern": 10.4540157623,
        "Niedersachsen": 9.6021471155,
        "Nordrhein-Westfalen": 10.3291924694,
        "Rheinland-Pfalz": 12.8608323158,
        "Saarland": 11.5792385552,
        "Sachsen": 14.9840212516,
        "Sachsen-Anhalt": 11.3193929967,
        "Schleswig-Holstein": 13.5963796068,
        "Th\u00fcringen": 15.1170584866,
        "ImpfzentrenBund": "-",
        "Total": 11.2210280866
    },
    "vaccinated_abs": {
        "Total": 9332160.0
    },
    "Timestamp": "2021-05-17T19:00:02.802028"
}