{
    "vaccinated_abs": {
        "Baden-W\u00fcrttemberg": 54807.0,
        "Bayern": 96180.0,
        "Berlin": 29642.0,
        "Brandenburg": 12772.0,
        "Bremen": 4127.0,
        "Hamburg": 9021.0,
        "Hessen": 39954.0,
        "Mecklenburg-Vorpommern": 14961.0,
        "Niedersachsen": 41127.0,
        "Nordrhein-Westfalen": 84356.0,
        "Rheinland-Pfalz": 15019.0,
        "Saarland": 7919.0,
        "Sachsen": 13911.0,
        "Sachsen-Anhalt": 19161.0,
        "Schleswig-Holstein": 9786.0,
        "Th\u00fcringen": 8958.0,
        "Total": 461701.0
    },
    "inhabitants": {
        "Baden-W\u00fcrttemberg": 11100394,
        "Bayern": 13124737,
        "Berlin": 3669491,
        "Brandenburg": 2521893,
        "Bremen": 681202,
        "Hamburg": 1847253,
        "Hessen": 6288080,
        "Mecklenburg-Vorpommern": 1608138,
        "Niedersachsen": 7993608,
        "Nordrhein-Westfalen": 17947221,
        "Rheinland-Pfalz": 4093903,
        "Saarland": 986887,
        "Sachsen": 4071971,
        "Sachsen-Anhalt": 2194782,
        "Schleswig-Holstein": 2903773,
        "Th\u00fcringen": 2133378,
        "Total": 83166711
    },
    "vaccinated_rel": {
        "Baden-W\u00fcrttemberg": 0.4937392312,
        "Bayern": 0.7328146842,
        "Berlin": 0.8077959586,
        "Brandenburg": 0.5064449602,
        "Bremen": 0.6058408519,
        "Hamburg": 0.4883467506,
        "Hessen": 0.6353926795,
        "Mecklenburg-Vorpommern": 0.930330606,
        "Niedersachsen": 0.5144985844,
        "Nordrhein-Westfalen": 0.4700226291,
        "Rheinland-Pfalz": 0.3668626247,
        "Saarland": 0.8024221618,
        "Sachsen": 0.3416281697,
        "Sachsen-Anhalt": 0.8730252025,
        "Schleswig-Holstein": 0.3370098145,
        "Th\u00fcringen": 0.4198974584,
        "Total": 0.5551512071
    },
    "Timestamp": "2021-02-01T00:00:07.160577"
}