{
    "vaccinated_abs": {
        "Baden-W\u00fcrttemberg": 638174,
        "Bayern": 845879,
        "Berlin": 214746,
        "Brandenburg": 129121,
        "Bremen": 45460,
        "Hamburg": 115478,
        "Hessen": 350086,
        "Mecklenburg-Vorpommern": 92901,
        "Niedersachsen": 452139,
        "Nordrhein-Westfalen": 1026612,
        "Rheinland-Pfalz": 262520,
        "Saarland": 66544,
        "Sachsen": 249966,
        "Sachsen-Anhalt": 119428,
        "Schleswig-Holstein": 175328,
        "Th\u00fcringen": 131486,
        "Bund": "-",
        "Total": 4915868
    },
    "inhabitants": {
        "Baden-W\u00fcrttemberg": 11100394.0,
        "Bayern": 13124737.0,
        "Berlin": 3669491.0,
        "Brandenburg": 2521893.0,
        "Bremen": 681202.0,
        "Hamburg": 1847253.0,
        "Hessen": 6288080.0,
        "Mecklenburg-Vorpommern": 1608138.0,
        "Niedersachsen": 7993608.0,
        "Nordrhein-Westfalen": 17947221.0,
        "Rheinland-Pfalz": 4093903.0,
        "Saarland": 986887.0,
        "Sachsen": 4071971.0,
        "Sachsen-Anhalt": 2194782.0,
        "Schleswig-Holstein": 2903773.0,
        "Th\u00fcringen": 2133378.0,
        "Bund": null,
        "Total": 83166711.0
    },
    "vaccinated_rel": {
        "Baden-W\u00fcrttemberg": 5.7491112478,
        "Bayern": 6.4449215249,
        "Berlin": 5.8522012999,
        "Brandenburg": 5.1200031088,
        "Bremen": 6.673497729,
        "Hamburg": 6.2513364439,
        "Hessen": 5.5674546125,
        "Mecklenburg-Vorpommern": 5.7769295919,
        "Niedersachsen": 5.6562568492,
        "Nordrhein-Westfalen": 5.7201724991,
        "Rheinland-Pfalz": 6.4124626304,
        "Saarland": 6.74281858,
        "Sachsen": 6.1386979426,
        "Sachsen-Anhalt": 5.4414515884,
        "Schleswig-Holstein": 6.0379375385,
        "Th\u00fcringen": 6.1632772064,
        "Bund": null,
        "Total": 5.9108601758
    },
    "Timestamp": "2021-03-07T15:00:05.730263"
}