{
    "vaccinated_abs": {
        "Baden-W\u00fcrttemberg": 292646.0,
        "Bayern": 393856.0,
        "Berlin": 120017.0,
        "Brandenburg": 79046.0,
        "Bremen": 22435.0,
        "Hamburg": 56040.0,
        "Hessen": 164991.0,
        "Mecklenburg-Vorpommern": 62204.0,
        "Niedersachsen": 184007.0,
        "Nordrhein-Westfalen": 460229.0,
        "Rheinland-Pfalz": 147008.0,
        "Saarland": 25671.0,
        "Sachsen": 111700.0,
        "Sachsen-Anhalt": 58214.0,
        "Schleswig-Holstein": 98745.0,
        "Th\u00fcringen": 67993.0,
        "Total": 2344802.0
    },
    "inhabitants": {
        "Baden-W\u00fcrttemberg": 11100394,
        "Bayern": 13124737,
        "Berlin": 3669491,
        "Brandenburg": 2521893,
        "Bremen": 681202,
        "Hamburg": 1847253,
        "Hessen": 6288080,
        "Mecklenburg-Vorpommern": 1608138,
        "Niedersachsen": 7993608,
        "Nordrhein-Westfalen": 17947221,
        "Rheinland-Pfalz": 4093903,
        "Saarland": 986887,
        "Sachsen": 4071971,
        "Sachsen-Anhalt": 2194782,
        "Schleswig-Holstein": 2903773,
        "Th\u00fcringen": 2133378,
        "Total": 83166711
    },
    "vaccinated_rel": {
        "Baden-W\u00fcrttemberg": 2.6363568717,
        "Bayern": 3.0008677507,
        "Berlin": 3.2706716,
        "Brandenburg": 3.1343915067,
        "Bremen": 3.2934430609,
        "Hamburg": 3.0336938145,
        "Hessen": 2.6238692892,
        "Mecklenburg-Vorpommern": 3.8680759985,
        "Niedersachsen": 2.3019267395,
        "Nordrhein-Westfalen": 2.5643468702,
        "Rheinland-Pfalz": 3.590900908,
        "Saarland": 2.6012096623,
        "Sachsen": 2.7431433082,
        "Sachsen-Anhalt": 2.6523818767,
        "Schleswig-Holstein": 3.4005757337,
        "Th\u00fcringen": 3.187105145,
        "Total": 2.8193996995
    },
    "Timestamp": "2021-02-09T13:00:05.691284"
}