{
    "vaccinated_abs": {
        "Baden-W\u00fcrttemberg": 760957,
        "Bayern": 987892,
        "Berlin": 251855,
        "Brandenburg": 150903,
        "Bremen": 53856,
        "Hamburg": 135475,
        "Hessen": 431409,
        "Mecklenburg-Vorpommern": 104531,
        "Niedersachsen": 520719,
        "Nordrhein-Westfalen": 1194725,
        "Rheinland-Pfalz": 302015,
        "Saarland": 78174,
        "Sachsen": 289566,
        "Sachsen-Anhalt": 137976,
        "Schleswig-Holstein": 205395,
        "Th\u00fcringen": 151124,
        "Bund": "-",
        "Total": 5756572
    },
    "inhabitants": {
        "Baden-W\u00fcrttemberg": 11100394.0,
        "Bayern": 13124737.0,
        "Berlin": 3669491.0,
        "Brandenburg": 2521893.0,
        "Bremen": 681202.0,
        "Hamburg": 1847253.0,
        "Hessen": 6288080.0,
        "Mecklenburg-Vorpommern": 1608138.0,
        "Niedersachsen": 7993608.0,
        "Nordrhein-Westfalen": 17947221.0,
        "Rheinland-Pfalz": 4093903.0,
        "Saarland": 986887.0,
        "Sachsen": 4071971.0,
        "Sachsen-Anhalt": 2194782.0,
        "Schleswig-Holstein": 2903773.0,
        "Th\u00fcringen": 2133378.0,
        "Bund": null,
        "Total": 83166711.0
    },
    "vaccinated_rel": {
        "Baden-W\u00fcrttemberg": 6.8552251389,
        "Bayern": 7.5269470162,
        "Berlin": 6.8634859712,
        "Brandenburg": 5.9837193727,
        "Bremen": 7.9060249383,
        "Hamburg": 7.3338627681,
        "Hessen": 6.8607428659,
        "Mecklenburg-Vorpommern": 6.5001262329,
        "Niedersachsen": 6.5141923397,
        "Nordrhein-Westfalen": 6.6568801933,
        "Rheinland-Pfalz": 7.3771899334,
        "Saarland": 7.9212716349,
        "Sachsen": 7.111199957,
        "Sachsen-Anhalt": 6.2865469099,
        "Schleswig-Holstein": 7.0733834911,
        "Th\u00fcringen": 7.0837891832,
        "Bund": null,
        "Total": 6.92172617
    },
    "Timestamp": "2021-03-11T18:00:05.101404"
}