{
    "vaccinated_rel": {
        "Baden-W\u00fcrttemberg": 35.1823637972,
        "Bayern": 36.6342197943,
        "Berlin": 32.7567501869,
        "Brandenburg": 31.4506602778,
        "Bremen": 36.9207665274,
        "Hamburg": 35.1697358185,
        "Hessen": 35.8512773374,
        "Mecklenburg-Vorpommern": 38.2359598492,
        "Niedersachsen": 37.0326891186,
        "Nordrhein-Westfalen": 37.8903619675,
        "Rheinland-Pfalz": 34.4342306107,
        "Saarland": 40.3655129716,
        "Sachsen": 31.0730847543,
        "Sachsen-Anhalt": 34.5461644938,
        "Schleswig-Holstein": 33.626836533,
        "Th\u00fcringen": 32.8087193174,
        "ImpfzentrenBund": "-",
        "Total": 35.8602626476
    },
    "vaccinated_abs": {
        "Total": 29823801.0
    },
    "Timestamp": "2021-05-15T07:00:02.019165"
}