{
    "vaccinated_rel": {
        "Baden-W\u00fcrttemberg": 17.5921052892,
        "Bayern": 18.7832944767,
        "Berlin": 18.2957254835,
        "Brandenburg": 18.5114911695,
        "Bremen": 21.6495253978,
        "Hamburg": 18.3721991519,
        "Hessen": 16.7387819493,
        "Mecklenburg-Vorpommern": 17.9643786789,
        "Niedersachsen": 17.8001973577,
        "Nordrhein-Westfalen": 19.118341497,
        "Rheinland-Pfalz": 18.7563310611,
        "Saarland": 20.9190109911,
        "Sachsen": 18.1686952093,
        "Sachsen-Anhalt": 19.516562465,
        "Schleswig-Holstein": 19.8161839786,
        "Th\u00fcringen": 19.019273659,
        "ImpfzentrenBund": "-",
        "Total": 18.5096390309
    },
    "vaccinated_abs": {
        "Total": 15393858.0
    },
    "Timestamp": "2021-04-16T14:00:01.750783"
}