{
    "vaccinated_abs": {
        "Baden-W\u00fcrttemberg": 349631.0,
        "Bayern": 482886.0,
        "Berlin": 132204.0,
        "Brandenburg": 81672.0,
        "Bremen": 25430.0,
        "Hamburg": 67681.0,
        "Hessen": 196696.0,
        "Mecklenburg-Vorpommern": 63400.0,
        "Niedersachsen": 222674.0,
        "Nordrhein-Westfalen": 609357.0,
        "Rheinland-Pfalz": 152862.0,
        "Saarland": 34510.0,
        "Sachsen": 132582.0,
        "Sachsen-Anhalt": 69639.0,
        "Schleswig-Holstein": 107732.0,
        "Th\u00fcringen": 84776.0,
        "Total": 2813732.0
    },
    "inhabitants": {
        "Baden-W\u00fcrttemberg": 11100394,
        "Bayern": 13124737,
        "Berlin": 3669491,
        "Brandenburg": 2521893,
        "Bremen": 681202,
        "Hamburg": 1847253,
        "Hessen": 6288080,
        "Mecklenburg-Vorpommern": 1608138,
        "Niedersachsen": 7993608,
        "Nordrhein-Westfalen": 17947221,
        "Rheinland-Pfalz": 4093903,
        "Saarland": 986887,
        "Sachsen": 4071971,
        "Sachsen-Anhalt": 2194782,
        "Schleswig-Holstein": 2903773,
        "Th\u00fcringen": 2133378,
        "Total": 83166711
    },
    "vaccinated_rel": {
        "Baden-W\u00fcrttemberg": 3.1497170281,
        "Bayern": 3.6792051528,
        "Berlin": 3.6027885066,
        "Brandenburg": 3.2385196358,
        "Bremen": 3.7331070666,
        "Hamburg": 3.6638727884,
        "Hessen": 3.1280772509,
        "Mecklenburg-Vorpommern": 3.9424477253,
        "Niedersachsen": 2.7856507349,
        "Nordrhein-Westfalen": 3.3952721705,
        "Rheinland-Pfalz": 3.7338940371,
        "Saarland": 3.4968542498,
        "Sachsen": 3.2559662139,
        "Sachsen-Anhalt": 3.1729347152,
        "Schleswig-Holstein": 3.7100696232,
        "Th\u00fcringen": 3.9737917987,
        "Total": 3.3832430863
    },
    "Timestamp": "2021-02-16T23:00:06.765420"
}