{
    "vaccinated_abs": {
        "Baden-W\u00fcrttemberg": 309638,
        "Bayern": 423628,
        "Berlin": 127400,
        "Brandenburg": 77359,
        "Bremen": 22508,
        "Hamburg": 59423,
        "Hessen": 163582,
        "Mecklenburg-Vorpommern": 53623,
        "Niedersachsen": 194235,
        "Nordrhein-Westfalen": 476472,
        "Rheinland-Pfalz": 141626,
        "Saarland": 25982,
        "Sachsen": 109036,
        "Sachsen-Anhalt": 59689,
        "Schleswig-Holstein": 95928,
        "Th\u00fcringen": 70101,
        "Bund": "-",
        "Total": 2410230
    },
    "inhabitants": {
        "Baden-W\u00fcrttemberg": 11100394.0,
        "Bayern": 13124737.0,
        "Berlin": 3669491.0,
        "Brandenburg": 2521893.0,
        "Bremen": 681202.0,
        "Hamburg": 1847253.0,
        "Hessen": 6288080.0,
        "Mecklenburg-Vorpommern": 1608138.0,
        "Niedersachsen": 7993608.0,
        "Nordrhein-Westfalen": 17947221.0,
        "Rheinland-Pfalz": 4093903.0,
        "Saarland": 986887.0,
        "Sachsen": 4071971.0,
        "Sachsen-Anhalt": 2194782.0,
        "Schleswig-Holstein": 2903773.0,
        "Th\u00fcringen": 2133378.0,
        "Bund": null,
        "Total": 83166711.0
    },
    "vaccinated_rel": {
        "Baden-W\u00fcrttemberg": 2.7894325192,
        "Bayern": 3.2277065819,
        "Berlin": 3.4718711669,
        "Brandenburg": 3.0674973125,
        "Bremen": 3.3041594123,
        "Hamburg": 3.2168306128,
        "Hessen": 2.6014618135,
        "Mecklenburg-Vorpommern": 3.3344775137,
        "Niedersachsen": 2.4298789733,
        "Nordrhein-Westfalen": 2.6548511327,
        "Rheinland-Pfalz": 3.4594371191,
        "Saarland": 2.6327228953,
        "Sachsen": 2.6777204455,
        "Sachsen-Anhalt": 2.7195867289,
        "Schleswig-Holstein": 3.3035640183,
        "Th\u00fcringen": 3.2859155761,
        "Bund": null,
        "Total": 2.8980705994
    },
    "Timestamp": "2021-03-07T17:00:04.978674"
}