{
    "vaccinated_rel": {
        "Baden-W\u00fcrttemberg": 42.018571593,
        "Bayern": 42.2685879344,
        "Berlin": 41.2202128306,
        "Brandenburg": 38.1974968803,
        "Bremen": 44.4457003943,
        "Hamburg": 40.7148344055,
        "Hessen": 42.945795855,
        "Mecklenburg-Vorpommern": 43.6976179905,
        "Niedersachsen": 42.940697117,
        "Nordrhein-Westfalen": 45.5651657713,
        "Rheinland-Pfalz": 41.0510214824,
        "Saarland": 46.1151074034,
        "Sachsen": 37.7027979816,
        "Sachsen-Anhalt": 40.4732223975,
        "Schleswig-Holstein": 42.7062997004,
        "Th\u00fcringen": 40.7249910705,
        "ImpfzentrenBund": "-",
        "Total": 42.7227595907
    },
    "vaccinated_abs": {
        "Total": 35531114.0
    },
    "Timestamp": "2021-06-01T16:00:01.744050"
}