{
    "vaccinated_rel": {
        "Baden-W\u00fcrttemberg": 21.8921598639,
        "Bayern": 23.4882573266,
        "Berlin": 21.614959677,
        "Brandenburg": 22.0720308118,
        "Bremen": 25.1520107105,
        "Hamburg": 23.4509837039,
        "Hessen": 20.7563357973,
        "Mecklenburg-Vorpommern": 23.7062366538,
        "Niedersachsen": 22.4006481178,
        "Nordrhein-Westfalen": 23.6172719999,
        "Rheinland-Pfalz": 22.900786853,
        "Saarland": 25.3422124316,
        "Sachsen": 21.9604707401,
        "Sachsen-Anhalt": 23.7797649151,
        "Schleswig-Holstein": 22.7801208979,
        "Th\u00fcringen": 22.0832407571,
        "ImpfzentrenBund": "-",
        "Total": 22.8043922526
    },
    "vaccinated_abs": {
        "Total": 18965663.0
    },
    "Timestamp": "2021-04-25T22:00:02.489008"
}