{
    "vaccinated_rel": {
        "Baden-W\u00fcrttemberg": 6.1429711414,
        "Bayern": 6.6122772593,
        "Berlin": 7.4526412519,
        "Brandenburg": 5.7347397372,
        "Bremen": 6.429223637,
        "Hamburg": 5.7558439477,
        "Hessen": 6.6421069706,
        "Mecklenburg-Vorpommern": 5.8756151524,
        "Niedersachsen": 6.0266903256,
        "Nordrhein-Westfalen": 5.9937357433,
        "Rheinland-Pfalz": 5.3574303055,
        "Saarland": 6.4394403817,
        "Sachsen": 7.0363222135,
        "Sachsen-Anhalt": 5.4258691752,
        "Schleswig-Holstein": 5.1991667393,
        "Th\u00fcringen": 7.4560157647,
        "ImpfzentrenBund": "-",
        "Total": 6.2358303432
    },
    "vaccinated_abs": {
        "Total": 5186135.0
    },
    "Timestamp": "2021-04-15T01:00:05.548946"
}