{
    "vaccinated_abs": {
        "Baden-W\u00fcrttemberg": 310601.0,
        "Bayern": 421168.0,
        "Berlin": 124426.0,
        "Brandenburg": 80169.0,
        "Bremen": 23132.0,
        "Hamburg": 59542.0,
        "Hessen": 175219.0,
        "Mecklenburg-Vorpommern": 64308.0,
        "Niedersachsen": 191965.0,
        "Nordrhein-Westfalen": 510546.0,
        "Rheinland-Pfalz": 148262.0,
        "Saarland": 28066.0,
        "Sachsen": 117961.0,
        "Sachsen-Anhalt": 60685.0,
        "Schleswig-Holstein": 101078.0,
        "Th\u00fcringen": 73295.0,
        "Total": 2490423.0
    },
    "inhabitants": {
        "Baden-W\u00fcrttemberg": 11100394,
        "Bayern": 13124737,
        "Berlin": 3669491,
        "Brandenburg": 2521893,
        "Bremen": 681202,
        "Hamburg": 1847253,
        "Hessen": 6288080,
        "Mecklenburg-Vorpommern": 1608138,
        "Niedersachsen": 7993608,
        "Nordrhein-Westfalen": 17947221,
        "Rheinland-Pfalz": 4093903,
        "Saarland": 986887,
        "Sachsen": 4071971,
        "Sachsen-Anhalt": 2194782,
        "Schleswig-Holstein": 2903773,
        "Th\u00fcringen": 2133378,
        "Total": 83166711
    },
    "vaccinated_rel": {
        "Baden-W\u00fcrttemberg": 2.798107887,
        "Bayern": 3.2089633491,
        "Berlin": 3.390824504,
        "Brandenburg": 3.1789215482,
        "Bremen": 3.3957621968,
        "Hamburg": 3.2232726107,
        "Hessen": 2.7865262528,
        "Mecklenburg-Vorpommern": 3.9989105413,
        "Niedersachsen": 2.4014812835,
        "Nordrhein-Westfalen": 2.8447078241,
        "Rheinland-Pfalz": 3.6215318243,
        "Saarland": 2.8438919552,
        "Sachsen": 2.8969017707,
        "Sachsen-Anhalt": 2.7649670901,
        "Schleswig-Holstein": 3.4809194796,
        "Th\u00fcringen": 3.4356311915,
        "Total": 2.9944949969
    },
    "Timestamp": "2021-02-11T20:00:08.271211"
}