{
    "vaccinated_abs": {
        "Baden-W\u00fcrttemberg": 20045,
        "Bayern": 39005,
        "Berlin": 13137,
        "Brandenburg": 3219,
        "Bremen": 1741,
        "Hamburg": 3042,
        "Hessen": 24791,
        "Mecklenburg-Vorpommern": 11494,
        "Niedersachsen": 3945,
        "Nordrhein-Westfalen": 33375,
        "Rheinland-Pfalz": 6898,
        "Saarland": 3316,
        "Sachsen": 4000,
        "Sachsen-Anhalt": 11771,
        "Schleswig-Holstein": 7964,
        "Th\u00fcringen": 810,
        "Total": 188553
    },
    "inhabitants": {
        "Baden-W\u00fcrttemberg": 11100394,
        "Bayern": 13124737,
        "Berlin": 3669491,
        "Brandenburg": 2521893,
        "Bremen": 681202,
        "Hamburg": 1847253,
        "Hessen": 6288080,
        "Mecklenburg-Vorpommern": 1608138,
        "Niedersachsen": 7993608,
        "Nordrhein-Westfalen": 17947221,
        "Rheinland-Pfalz": 4093903,
        "Saarland": 986887,
        "Sachsen": 4071971,
        "Sachsen-Anhalt": 2194782,
        "Schleswig-Holstein": 2903773,
        "Th\u00fcringen": 2133378,
        "Total": 83166711
    },
    "vaccinated_rel": {
        "Baden-W\u00fcrttemberg": 0.1805791758,
        "Bayern": 0.2971869074,
        "Berlin": 0.3580060559,
        "Brandenburg": 0.1276422116,
        "Bremen": 0.2555776407,
        "Hamburg": 0.1646769555,
        "Hessen": 0.3942538899,
        "Mecklenburg-Vorpommern": 0.7147396554,
        "Niedersachsen": 0.0493519322,
        "Nordrhein-Westfalen": 0.1859619381,
        "Rheinland-Pfalz": 0.168494466,
        "Saarland": 0.3360060473,
        "Sachsen": 0.0982325267,
        "Sachsen-Anhalt": 0.5363175021,
        "Schleswig-Holstein": 0.2742638629,
        "Th\u00fcringen": 0.037967955,
        "Total": 0.2267169132
    },
    "Timestamp": "2021-01-03T07:00:03.917192"
}