{
    "vaccinated_abs": {
        "Baden-W\u00fcrttemberg": 69808.0,
        "Bayern": 131297.0,
        "Berlin": 34654.0,
        "Brandenburg": 14525.0,
        "Bremen": 5918.0,
        "Hamburg": 12215.0,
        "Hessen": 49344.0,
        "Mecklenburg-Vorpommern": 16670.0,
        "Niedersachsen": 52975.0,
        "Nordrhein-Westfalen": 118494.0,
        "Rheinland-Pfalz": 23446.0,
        "Saarland": 9709.0,
        "Sachsen": 19799.0,
        "Sachsen-Anhalt": 21896.0,
        "Schleswig-Holstein": 14601.0,
        "Th\u00fcringen": 11435.0,
        "Total": 606786.0
    },
    "inhabitants": {
        "Baden-W\u00fcrttemberg": 11100394,
        "Bayern": 13124737,
        "Berlin": 3669491,
        "Brandenburg": 2521893,
        "Bremen": 681202,
        "Hamburg": 1847253,
        "Hessen": 6288080,
        "Mecklenburg-Vorpommern": 1608138,
        "Niedersachsen": 7993608,
        "Nordrhein-Westfalen": 17947221,
        "Rheinland-Pfalz": 4093903,
        "Saarland": 986887,
        "Sachsen": 4071971,
        "Sachsen-Anhalt": 2194782,
        "Schleswig-Holstein": 2903773,
        "Th\u00fcringen": 2133378,
        "Total": 83166711
    },
    "vaccinated_rel": {
        "Baden-W\u00fcrttemberg": 0.6288785785,
        "Bayern": 1.0003781409,
        "Berlin": 0.9443816595,
        "Brandenburg": 0.575956236,
        "Bremen": 0.8687584593,
        "Hamburg": 0.6612521403,
        "Hessen": 0.7847228407,
        "Mecklenburg-Vorpommern": 1.0366025801,
        "Niedersachsen": 0.6627170109,
        "Nordrhein-Westfalen": 0.6602359218,
        "Rheinland-Pfalz": 0.5727053132,
        "Saarland": 0.983800577,
        "Sachsen": 0.4862264491,
        "Sachsen-Anhalt": 0.9976389455,
        "Schleswig-Holstein": 0.5028285613,
        "Th\u00fcringen": 0.5360044024,
        "Total": 0.7296020159
    },
    "Timestamp": "2021-02-02T23:00:09.311022"
}