{
    "vaccinated_rel": {
        "Baden-W\u00fcrttemberg": 6.7507693871,
        "Bayern": 6.8198699905,
        "Berlin": 8.2759434483,
        "Brandenburg": 6.8025090676,
        "Bremen": 7.5008587761,
        "Hamburg": 5.8494423882,
        "Hessen": 7.3024198165,
        "Mecklenburg-Vorpommern": 6.4370719428,
        "Niedersachsen": 6.4641648677,
        "Nordrhein-Westfalen": 6.7604394017,
        "Rheinland-Pfalz": 6.6161802075,
        "Saarland": 7.8421339019,
        "Sachsen": 7.463510914,
        "Sachsen-Anhalt": 5.9258277132,
        "Schleswig-Holstein": 6.4607667335,
        "Th\u00fcringen": 8.5711017926,
        "ImpfzentrenBund": "-",
        "Total": 6.8832360101
    },
    "vaccinated_abs": {
        "Total": 5724561.0
    },
    "Timestamp": "2021-04-22T12:00:04.273739"
}