{
    "vaccinated_abs": {
        "Baden-W\u00fcrttemberg": 813088,
        "Bayern": 1059729,
        "Berlin": 268888,
        "Brandenburg": 172734,
        "Bremen": 57609,
        "Hamburg": 144087,
        "Hessen": 467388,
        "Mecklenburg-Vorpommern": 115342,
        "Niedersachsen": 559283,
        "Nordrhein-Westfalen": 1201981,
        "Rheinland-Pfalz": 329055,
        "Saarland": 83608,
        "Sachsen": 303146,
        "Sachsen-Anhalt": 150775,
        "Schleswig-Holstein": 224345,
        "Th\u00fcringen": 162426,
        "Bund": "-",
        "Total": 6113484
    },
    "inhabitants": {
        "Baden-W\u00fcrttemberg": 11100394.0,
        "Bayern": 13124737.0,
        "Berlin": 3669491.0,
        "Brandenburg": 2521893.0,
        "Bremen": 681202.0,
        "Hamburg": 1847253.0,
        "Hessen": 6288080.0,
        "Mecklenburg-Vorpommern": 1608138.0,
        "Niedersachsen": 7993608.0,
        "Nordrhein-Westfalen": 17947221.0,
        "Rheinland-Pfalz": 4093903.0,
        "Saarland": 986887.0,
        "Sachsen": 4071971.0,
        "Sachsen-Anhalt": 2194782.0,
        "Schleswig-Holstein": 2903773.0,
        "Th\u00fcringen": 2133378.0,
        "Bund": null,
        "Total": 83166711.0
    },
    "vaccinated_rel": {
        "Baden-W\u00fcrttemberg": 7.3248571177,
        "Bayern": 8.0742875076,
        "Berlin": 7.3276647906,
        "Brandenburg": 6.8493786215,
        "Bremen": 8.4569628392,
        "Hamburg": 7.8000685342,
        "Hessen": 7.4329207008,
        "Mecklenburg-Vorpommern": 7.1723944089,
        "Niedersachsen": 6.9966278056,
        "Nordrhein-Westfalen": 6.6973098509,
        "Rheinland-Pfalz": 8.037684332,
        "Saarland": 8.4718919187,
        "Sachsen": 7.4446993851,
        "Sachsen-Anhalt": 6.8697027769,
        "Schleswig-Holstein": 7.7259827128,
        "Th\u00fcringen": 7.6135593411,
        "Bund": null,
        "Total": 7.3508786466
    },
    "Timestamp": "2021-03-15T09:00:07.070987"
}