{
    "vaccinated_abs": {
        "Baden-W\u00fcrttemberg": 858236,
        "Bayern": 1116691,
        "Berlin": 295039,
        "Brandenburg": 181451,
        "Bremen": 60139,
        "Hamburg": 151821,
        "Hessen": 498552,
        "Mecklenburg-Vorpommern": 116554,
        "Niedersachsen": 577494,
        "Nordrhein-Westfalen": 1343693,
        "Rheinland-Pfalz": 335544,
        "Saarland": 85970,
        "Sachsen": 313493,
        "Sachsen-Anhalt": 155562,
        "Schleswig-Holstein": 237985,
        "Th\u00fcringen": 178935,
        "Bund": "-",
        "Total": 6507159
    },
    "inhabitants": {
        "Baden-W\u00fcrttemberg": 11100394.0,
        "Bayern": 13124737.0,
        "Berlin": 3669491.0,
        "Brandenburg": 2521893.0,
        "Bremen": 681202.0,
        "Hamburg": 1847253.0,
        "Hessen": 6288080.0,
        "Mecklenburg-Vorpommern": 1608138.0,
        "Niedersachsen": 7993608.0,
        "Nordrhein-Westfalen": 17947221.0,
        "Rheinland-Pfalz": 4093903.0,
        "Saarland": 986887.0,
        "Sachsen": 4071971.0,
        "Sachsen-Anhalt": 2194782.0,
        "Schleswig-Holstein": 2903773.0,
        "Th\u00fcringen": 2133378.0,
        "Bund": null,
        "Total": 83166711.0
    },
    "vaccinated_rel": {
        "Baden-W\u00fcrttemberg": 7.7315814195,
        "Bayern": 8.5082923947,
        "Berlin": 8.0403249388,
        "Brandenburg": 7.1950316687,
        "Bremen": 8.8283651545,
        "Hamburg": 8.2187442651,
        "Hessen": 7.9285250824,
        "Mecklenburg-Vorpommern": 7.2477610752,
        "Niedersachsen": 7.2244473334,
        "Nordrhein-Westfalen": 7.4869139908,
        "Rheinland-Pfalz": 8.1961883318,
        "Saarland": 8.7112303638,
        "Sachsen": 7.6988023736,
        "Sachsen-Anhalt": 7.087810999,
        "Schleswig-Holstein": 8.1957164007,
        "Th\u00fcringen": 8.3874025138,
        "Bund": null,
        "Total": 7.8242351077
    },
    "Timestamp": "2021-03-16T00:00:03.795909"
}