{
    "vaccinated_rel": {
        "Baden-W\u00fcrttemberg": 13.688613215,
        "Bayern": 13.1008796595,
        "Berlin": 14.8843259188,
        "Brandenburg": 14.4985532693,
        "Bremen": 17.5765778726,
        "Hamburg": 13.1361540623,
        "Hessen": 12.0380942991,
        "Mecklenburg-Vorpommern": 13.1902859083,
        "Niedersachsen": 12.1669589002,
        "Nordrhein-Westfalen": 12.6899256436,
        "Rheinland-Pfalz": 15.2549046717,
        "Saarland": 15.403384582,
        "Sachsen": 17.3611992816,
        "Sachsen-Anhalt": 13.3859308123,
        "Schleswig-Holstein": 15.4610914834,
        "Th\u00fcringen": 16.7918202963,
        "ImpfzentrenBund": "-",
        "Total": 13.6396448334
    },
    "vaccinated_abs": {
        "Total": 11343644.0
    },
    "Timestamp": "2021-05-22T19:00:03.219424"
}