{
    "vaccinated_rel": {
        "Baden-W\u00fcrttemberg": 9.1893585039,
        "Bayern": 9.1614788167,
        "Berlin": 11.2873420319,
        "Brandenburg": 9.9460603602,
        "Bremen": 12.4804389887,
        "Hamburg": 8.9008922979,
        "Hessen": 8.7678432844,
        "Mecklenburg-Vorpommern": 8.8906549065,
        "Niedersachsen": 8.3131422006,
        "Nordrhein-Westfalen": 8.8113418785,
        "Rheinland-Pfalz": 11.3452614779,
        "Saarland": 9.8681004006,
        "Sachsen": 13.2182915841,
        "Sachsen-Anhalt": 9.5216290274,
        "Schleswig-Holstein": 11.392247259,
        "Th\u00fcringen": 13.8913029008,
        "ImpfzentrenBund": "-",
        "Total": 9.6467563807
    },
    "vaccinated_abs": {
        "Total": 8022890.0
    },
    "Timestamp": "2021-05-12T10:00:03.024298"
}