{
    "vaccinated_abs": {
        "Baden-W\u00fcrttemberg": 199307.0,
        "Bayern": 292045.0,
        "Berlin": 89659.0,
        "Brandenburg": 69431.0,
        "Bremen": 17349.0,
        "Hamburg": 43061.0,
        "Hessen": 102298.0,
        "Mecklenburg-Vorpommern": 43640.0,
        "Niedersachsen": 139810.0,
        "Nordrhein-Westfalen": 312359.0,
        "Rheinland-Pfalz": 123187.0,
        "Saarland": 19812.0,
        "Sachsen": 73490.0,
        "Sachsen-Anhalt": 45373.0,
        "Schleswig-Holstein": 72518.0,
        "Th\u00fcringen": 47012.0,
        "Total": 1690351.0
    },
    "inhabitants": {
        "Baden-W\u00fcrttemberg": 11100394,
        "Bayern": 13124737,
        "Berlin": 3669491,
        "Brandenburg": 2521893,
        "Bremen": 681202,
        "Hamburg": 1847253,
        "Hessen": 6288080,
        "Mecklenburg-Vorpommern": 1608138,
        "Niedersachsen": 7993608,
        "Nordrhein-Westfalen": 17947221,
        "Rheinland-Pfalz": 4093903,
        "Saarland": 986887,
        "Sachsen": 4071971,
        "Sachsen-Anhalt": 2194782,
        "Schleswig-Holstein": 2903773,
        "Th\u00fcringen": 2133378,
        "Total": 83166711
    },
    "vaccinated_rel": {
        "Baden-W\u00fcrttemberg": 1.7954948266,
        "Bayern": 2.2251493497,
        "Berlin": 2.4433633984,
        "Brandenburg": 2.7531302874,
        "Bremen": 2.5468216476,
        "Hamburg": 2.3310829648,
        "Hessen": 1.6268558924,
        "Mecklenburg-Vorpommern": 2.7136974563,
        "Niedersachsen": 1.749022469,
        "Nordrhein-Westfalen": 1.7404310116,
        "Rheinland-Pfalz": 3.0090356318,
        "Saarland": 2.007524671,
        "Sachsen": 1.8047770969,
        "Sachsen-Anhalt": 2.06731238,
        "Schleswig-Holstein": 2.4973715232,
        "Th\u00fcringen": 2.2036413613,
        "Total": 2.0324850889
    },
    "Timestamp": "2021-02-20T19:00:05.246246"
}