{
    "vaccinated_rel": {
        "Baden-W\u00fcrttemberg": 7.6918711174,
        "Bayern": 7.4783212799,
        "Berlin": 9.6990836059,
        "Brandenburg": 7.4191490281,
        "Bremen": 9.5620682265,
        "Hamburg": 7.1444463752,
        "Hessen": 7.8282400987,
        "Mecklenburg-Vorpommern": 6.9766400645,
        "Niedersachsen": 7.1101435047,
        "Nordrhein-Westfalen": 7.652243208,
        "Rheinland-Pfalz": 8.6470783504,
        "Saarland": 8.834648749,
        "Sachsen": 10.3022344707,
        "Sachsen-Anhalt": 7.545532996,
        "Schleswig-Holstein": 8.876864686,
        "Th\u00fcringen": 11.5930228961,
        "ImpfzentrenBund": "-",
        "Total": 8.0030410244
    },
    "vaccinated_abs": {
        "Total": 6655866.0
    },
    "Timestamp": "2021-05-03T12:00:03.579571"
}