{
    "vaccinated_rel": {
        "Baden-W\u00fcrttemberg": 9.6773501914,
        "Bayern": 9.4631000987,
        "Berlin": 11.5641379145,
        "Brandenburg": 10.6127420949,
        "Bremen": 12.8986702916,
        "Hamburg": 9.1170511024,
        "Hessen": 9.0026367349,
        "Mecklenburg-Vorpommern": 9.3326567745,
        "Niedersachsen": 8.5933786095,
        "Nordrhein-Westfalen": 9.0836960218,
        "Rheinland-Pfalz": 11.7343278529,
        "Saarland": 10.2314652032,
        "Sachsen": 13.6973470587,
        "Sachsen-Anhalt": 9.9983961961,
        "Schleswig-Holstein": 11.933990708,
        "Th\u00fcringen": 14.3704022447,
        "ImpfzentrenBund": "-",
        "Total": 10.0048203181
    },
    "vaccinated_abs": {
        "Total": 8320680.0
    },
    "Timestamp": "2021-05-13T07:00:03.016298"
}