{
    "vaccinated_abs": {
        "Baden-W\u00fcrttemberg": 213854.0,
        "Bayern": 302944.0,
        "Berlin": 94959.0,
        "Brandenburg": 69431.0,
        "Bremen": 18013.0,
        "Hamburg": 44976.0,
        "Hessen": 108868.0,
        "Mecklenburg-Vorpommern": 43663.0,
        "Niedersachsen": 143862.0,
        "Nordrhein-Westfalen": 315753.0,
        "Rheinland-Pfalz": 128633.0,
        "Saarland": 20361.0,
        "Sachsen": 78380.0,
        "Sachsen-Anhalt": 46018.0,
        "Schleswig-Holstein": 77320.0,
        "Th\u00fcringen": 49443.0,
        "Total": 1756478.0
    },
    "inhabitants": {
        "Baden-W\u00fcrttemberg": 11100394,
        "Bayern": 13124737,
        "Berlin": 3669491,
        "Brandenburg": 2521893,
        "Bremen": 681202,
        "Hamburg": 1847253,
        "Hessen": 6288080,
        "Mecklenburg-Vorpommern": 1608138,
        "Niedersachsen": 7993608,
        "Nordrhein-Westfalen": 17947221,
        "Rheinland-Pfalz": 4093903,
        "Saarland": 986887,
        "Sachsen": 4071971,
        "Sachsen-Anhalt": 2194782,
        "Schleswig-Holstein": 2903773,
        "Th\u00fcringen": 2133378,
        "Total": 83166711
    },
    "vaccinated_rel": {
        "Baden-W\u00fcrttemberg": 1.926544229,
        "Bayern": 2.3081910137,
        "Berlin": 2.5877975992,
        "Brandenburg": 2.7531302874,
        "Bremen": 2.6442964055,
        "Hamburg": 2.4347504105,
        "Hessen": 1.7313392959,
        "Mecklenburg-Vorpommern": 2.7151276818,
        "Niedersachsen": 1.7997129707,
        "Nordrhein-Westfalen": 1.7593420174,
        "Rheinland-Pfalz": 3.1420627211,
        "Saarland": 2.0631541402,
        "Sachsen": 1.9248663608,
        "Sachsen-Anhalt": 2.0967002645,
        "Schleswig-Holstein": 2.6627425766,
        "Th\u00fcringen": 2.3175921004,
        "Total": 2.1119964694
    },
    "Timestamp": "2021-02-23T03:00:06.113726"
}