{
    "vaccinated_abs": {
        "Baden-W\u00fcrttemberg": 584479,
        "Bayern": 788655,
        "Berlin": 236376,
        "Brandenburg": 106997,
        "Bremen": 38657,
        "Hamburg": 99483,
        "Hessen": 371012,
        "Mecklenburg-Vorpommern": 78746,
        "Niedersachsen": 427913,
        "Nordrhein-Westfalen": 929453,
        "Rheinland-Pfalz": 188059,
        "Saarland": 53554,
        "Sachsen": 272373,
        "Sachsen-Anhalt": 104610,
        "Schleswig-Holstein": 124097,
        "Th\u00fcringen": 130291,
        "Bund": 20,
        "Total": 4534775
    },
    "inhabitants": {
        "Baden-W\u00fcrttemberg": 11100394.0,
        "Bayern": 13124737.0,
        "Berlin": 3669491.0,
        "Brandenburg": 2521893.0,
        "Bremen": 681202.0,
        "Hamburg": 1847253.0,
        "Hessen": 6288080.0,
        "Mecklenburg-Vorpommern": 1608138.0,
        "Niedersachsen": 7993608.0,
        "Nordrhein-Westfalen": 17947221.0,
        "Rheinland-Pfalz": 4093903.0,
        "Saarland": 986887.0,
        "Sachsen": 4071971.0,
        "Sachsen-Anhalt": 2194782.0,
        "Schleswig-Holstein": 2903773.0,
        "Th\u00fcringen": 2133378.0,
        "Bund": null,
        "Total": 83166711.0
    },
    "vaccinated_rel": {
        "Baden-W\u00fcrttemberg": 5.265389679,
        "Bayern": 6.0089204073,
        "Berlin": 6.4416563496,
        "Brandenburg": 4.2427256033,
        "Bremen": 5.674821859,
        "Hamburg": 5.3854561341,
        "Hessen": 5.9002429995,
        "Mecklenburg-Vorpommern": 4.8967190627,
        "Niedersachsen": 5.3531896986,
        "Nordrhein-Westfalen": 5.1788129204,
        "Rheinland-Pfalz": 4.5936359508,
        "Saarland": 5.4265584611,
        "Sachsen": 6.6889719991,
        "Sachsen-Anhalt": 4.7663048084,
        "Schleswig-Holstein": 4.2736467348,
        "Th\u00fcringen": 6.1072627542,
        "Bund": null,
        "Total": 5.4526323639
    },
    "Timestamp": "2021-04-06T23:00:06.416973"
}