{
    "vaccinated_abs": {
        "Baden-W\u00fcrttemberg": 412902.0,
        "Bayern": 569132.0,
        "Berlin": 150887.0,
        "Brandenburg": 85192.0,
        "Bremen": 29706.0,
        "Hamburg": 82242.0,
        "Hessen": 226018.0,
        "Mecklenburg-Vorpommern": 68418.0,
        "Niedersachsen": 284515.0,
        "Nordrhein-Westfalen": 723039.0,
        "Rheinland-Pfalz": 175309.0,
        "Saarland": 41261.0,
        "Sachsen": 164736.0,
        "Sachsen-Anhalt": 80554.0,
        "Schleswig-Holstein": 123399.0,
        "Th\u00fcringen": 95041.0,
        "Total": 3312351.0
    },
    "inhabitants": {
        "Baden-W\u00fcrttemberg": 11100394,
        "Bayern": 13124737,
        "Berlin": 3669491,
        "Brandenburg": 2521893,
        "Bremen": 681202,
        "Hamburg": 1847253,
        "Hessen": 6288080,
        "Mecklenburg-Vorpommern": 1608138,
        "Niedersachsen": 7993608,
        "Nordrhein-Westfalen": 17947221,
        "Rheinland-Pfalz": 4093903,
        "Saarland": 986887,
        "Sachsen": 4071971,
        "Sachsen-Anhalt": 2194782,
        "Schleswig-Holstein": 2903773,
        "Th\u00fcringen": 2133378,
        "Total": 83166711
    },
    "vaccinated_rel": {
        "Baden-W\u00fcrttemberg": 3.719705805,
        "Bayern": 4.3363307013,
        "Berlin": 4.1119326904,
        "Brandenburg": 3.3780973261,
        "Bremen": 4.3608210193,
        "Hamburg": 4.4521243165,
        "Hessen": 3.5943881121,
        "Mecklenburg-Vorpommern": 4.2544856225,
        "Niedersachsen": 3.5592813658,
        "Nordrhein-Westfalen": 4.0286961419,
        "Rheinland-Pfalz": 4.2821972089,
        "Saarland": 4.1809244625,
        "Sachsen": 4.0456083798,
        "Sachsen-Anhalt": 3.6702506217,
        "Schleswig-Holstein": 4.2496090431,
        "Th\u00fcringen": 4.4549535994,
        "Total": 3.9827846505
    },
    "Timestamp": "2021-02-22T18:00:05.180132"
}