{
    "vaccinated_abs": {
        "Baden-W\u00fcrttemberg": 1028176,
        "Bayern": 1278921,
        "Berlin": 354330,
        "Brandenburg": 230812,
        "Bremen": 71446,
        "Hamburg": 176452,
        "Hessen": 575753,
        "Mecklenburg-Vorpommern": 133105,
        "Niedersachsen": 706329,
        "Nordrhein-Westfalen": 1569799,
        "Rheinland-Pfalz": 406409,
        "Saarland": 109423,
        "Sachsen": 333153,
        "Sachsen-Anhalt": 196406,
        "Schleswig-Holstein": 299206,
        "Th\u00fcringen": 222666,
        "Bund": 6064,
        "Total": 7698450
    },
    "inhabitants": {
        "Baden-W\u00fcrttemberg": 11100394.0,
        "Bayern": 13124737.0,
        "Berlin": 3669491.0,
        "Brandenburg": 2521893.0,
        "Bremen": 681202.0,
        "Hamburg": 1847253.0,
        "Hessen": 6288080.0,
        "Mecklenburg-Vorpommern": 1608138.0,
        "Niedersachsen": 7993608.0,
        "Nordrhein-Westfalen": 17947221.0,
        "Rheinland-Pfalz": 4093903.0,
        "Saarland": 986887.0,
        "Sachsen": 4071971.0,
        "Sachsen-Anhalt": 2194782.0,
        "Schleswig-Holstein": 2903773.0,
        "Th\u00fcringen": 2133378.0,
        "Bund": null,
        "Total": 83166711.0
    },
    "vaccinated_rel": {
        "Baden-W\u00fcrttemberg": 9.2625180692,
        "Bayern": 9.7443552583,
        "Berlin": 9.6561076182,
        "Brandenburg": 9.1523312052,
        "Bremen": 10.4882252254,
        "Hamburg": 9.5521295675,
        "Hessen": 9.1562607346,
        "Mecklenburg-Vorpommern": 8.2769637929,
        "Niedersachsen": 8.8361726019,
        "Nordrhein-Westfalen": 8.7467524917,
        "Rheinland-Pfalz": 9.9271770728,
        "Saarland": 11.0876929172,
        "Sachsen": 8.1816152423,
        "Sachsen-Anhalt": 8.9487703107,
        "Schleswig-Holstein": 10.3040423614,
        "Th\u00fcringen": 10.4372502201,
        "Bund": null,
        "Total": 9.2566483722
    },
    "Timestamp": "2021-03-23T23:00:04.711005"
}