{
    "vaccinated_rel": {
        "Baden-W\u00fcrttemberg": 16.2665127022,
        "Bayern": 16.2063666495,
        "Berlin": 16.8311899389,
        "Brandenburg": 16.9105905762,
        "Bremen": 20.3773623683,
        "Hamburg": 15.8195980735,
        "Hessen": 14.6359143013,
        "Mecklenburg-Vorpommern": 16.2635918062,
        "Niedersachsen": 14.7986366107,
        "Nordrhein-Westfalen": 15.7435404623,
        "Rheinland-Pfalz": 17.8613416097,
        "Saarland": 19.1521420386,
        "Sachsen": 20.0723679024,
        "Sachsen-Anhalt": 16.1747271483,
        "Schleswig-Holstein": 18.8646288811,
        "Th\u00fcringen": 18.7135613098,
        "ImpfzentrenBund": "-",
        "Total": 16.4422553634
    },
    "vaccinated_abs": {
        "Total": 13674483.0
    },
    "Timestamp": "2021-05-29T01:00:02.904182"
}