{
    "vaccinated_abs": {
        "Baden-W\u00fcrttemberg": 735577,
        "Bayern": 954752,
        "Berlin": 244174,
        "Brandenburg": 142374,
        "Bremen": 51911,
        "Hamburg": 130462,
        "Hessen": 413657,
        "Mecklenburg-Vorpommern": 100038,
        "Niedersachsen": 502310,
        "Nordrhein-Westfalen": 1152512,
        "Rheinland-Pfalz": 289934,
        "Saarland": 75636,
        "Sachsen": 282921,
        "Sachsen-Anhalt": 132389,
        "Schleswig-Holstein": 198748,
        "Th\u00fcringen": 148025,
        "Bund": "-",
        "Total": 5555420
    },
    "inhabitants": {
        "Baden-W\u00fcrttemberg": 11100394.0,
        "Bayern": 13124737.0,
        "Berlin": 3669491.0,
        "Brandenburg": 2521893.0,
        "Bremen": 681202.0,
        "Hamburg": 1847253.0,
        "Hessen": 6288080.0,
        "Mecklenburg-Vorpommern": 1608138.0,
        "Niedersachsen": 7993608.0,
        "Nordrhein-Westfalen": 17947221.0,
        "Rheinland-Pfalz": 4093903.0,
        "Saarland": 986887.0,
        "Sachsen": 4071971.0,
        "Sachsen-Anhalt": 2194782.0,
        "Schleswig-Holstein": 2903773.0,
        "Th\u00fcringen": 2133378.0,
        "Bund": null,
        "Total": 83166711.0
    },
    "vaccinated_rel": {
        "Baden-W\u00fcrttemberg": 6.6265846059,
        "Bayern": 7.2744467184,
        "Berlin": 6.654165387,
        "Brandenburg": 5.6455210431,
        "Bremen": 7.6205002334,
        "Hamburg": 7.0624868386,
        "Hessen": 6.578430936,
        "Mecklenburg-Vorpommern": 6.2207347877,
        "Niedersachsen": 6.2838958328,
        "Nordrhein-Westfalen": 6.4216738625,
        "Rheinland-Pfalz": 7.0820925655,
        "Saarland": 7.6640993346,
        "Sachsen": 6.948011172,
        "Sachsen-Anhalt": 6.0319885984,
        "Schleswig-Holstein": 6.8444744131,
        "Th\u00fcringen": 6.9385265996,
        "Bund": null,
        "Total": 6.6798601666
    },
    "Timestamp": "2021-03-10T20:00:06.997867"
}