{
    "vaccinated_rel": {
        "Baden-W\u00fcrttemberg": 6.339937123,
        "Bayern": 6.6826405741,
        "Berlin": 7.6691562944,
        "Brandenburg": 6.1241694235,
        "Bremen": 6.7116655559,
        "Hamburg": 5.7910313314,
        "Hessen": 6.9265181105,
        "Mecklenburg-Vorpommern": 6.1366002171,
        "Niedersachsen": 6.1948496849,
        "Nordrhein-Westfalen": 6.1895487886,
        "Rheinland-Pfalz": 5.7259050837,
        "Saarland": 6.87221536,
        "Sachsen": 7.1494124099,
        "Sachsen-Anhalt": 5.612220257,
        "Schleswig-Holstein": 5.4468789399,
        "Th\u00fcringen": 7.7728372562,
        "ImpfzentrenBund": "-",
        "Total": 6.4331592962
    },
    "vaccinated_abs": {
        "Total": 5350247.0
    },
    "Timestamp": "2021-04-17T07:00:03.922836"
}