{
    "vaccinated_rel": {
        "Baden-W\u00fcrttemberg": 18.1883904301,
        "Bayern": 19.4678948614,
        "Berlin": 18.8041611221,
        "Brandenburg": 19.0873284473,
        "Bremen": 22.388219647,
        "Hamburg": 19.0482299934,
        "Hessen": 17.2236358316,
        "Mecklenburg-Vorpommern": 18.9033528217,
        "Niedersachsen": 18.4658291975,
        "Nordrhein-Westfalen": 19.7218778328,
        "Rheinland-Pfalz": 19.3825549848,
        "Saarland": 21.5814981857,
        "Sachsen": 18.7947802182,
        "Sachsen-Anhalt": 20.178678338,
        "Schleswig-Holstein": 20.2933907024,
        "Th\u00fcringen": 19.5577155103,
        "ImpfzentrenBund": "-",
        "Total": 19.1258639529
    },
    "vaccinated_abs": {
        "Total": 15906352.0
    },
    "Timestamp": "2021-04-18T19:00:02.288657"
}