{
    "vaccinated_abs": {
        "Baden-W\u00fcrttemberg": 518788.0,
        "Bayern": 718914.0,
        "Berlin": 185086.0,
        "Brandenburg": 104318.0,
        "Bremen": 36194.0,
        "Hamburg": 100548.0,
        "Hessen": 289871.0,
        "Mecklenburg-Vorpommern": 79501.0,
        "Niedersachsen": 362854.0,
        "Nordrhein-Westfalen": 857180.0,
        "Rheinland-Pfalz": 205882.0,
        "Saarland": 50510.0,
        "Sachsen": 212333.0,
        "Sachsen-Anhalt": 97384.0,
        "Schleswig-Holstein": 140184.0,
        "Th\u00fcringen": 119560.0,
        "Total": 4079107.0
    },
    "inhabitants": {
        "Baden-W\u00fcrttemberg": 11100394,
        "Bayern": 13124737,
        "Berlin": 3669491,
        "Brandenburg": 2521893,
        "Bremen": 681202,
        "Hamburg": 1847253,
        "Hessen": 6288080,
        "Mecklenburg-Vorpommern": 1608138,
        "Niedersachsen": 7993608,
        "Nordrhein-Westfalen": 17947221,
        "Rheinland-Pfalz": 4093903,
        "Saarland": 986887,
        "Sachsen": 4071971,
        "Sachsen-Anhalt": 2194782,
        "Schleswig-Holstein": 2903773,
        "Th\u00fcringen": 2133378,
        "Total": 83166711
    },
    "vaccinated_rel": {
        "Baden-W\u00fcrttemberg": 4.673599874,
        "Bayern": 5.4775497597,
        "Berlin": 5.04391481,
        "Brandenburg": 4.1364958783,
        "Bremen": 5.3132550991,
        "Hamburg": 5.4431093088,
        "Hessen": 4.6098491113,
        "Mecklenburg-Vorpommern": 4.9436677698,
        "Niedersachsen": 4.5393019022,
        "Nordrhein-Westfalen": 4.7761154777,
        "Rheinland-Pfalz": 5.0289906722,
        "Saarland": 5.1181138266,
        "Sachsen": 5.2145017732,
        "Sachsen-Anhalt": 4.4370693764,
        "Schleswig-Holstein": 4.8276500952,
        "Th\u00fcringen": 5.6042576609,
        "Total": 4.9047352612
    },
    "Timestamp": "2021-03-02T01:00:04.385769"
}