{
    "vaccinated_abs": {
        "Baden-W\u00fcrttemberg": 1328134,
        "Bayern": 1599264,
        "Berlin": 450145,
        "Brandenburg": 344155,
        "Bremen": 96584,
        "Hamburg": 222177,
        "Hessen": 732022,
        "Mecklenburg-Vorpommern": 177744,
        "Niedersachsen": 957508,
        "Nordrhein-Westfalen": 2068463,
        "Rheinland-Pfalz": 525354,
        "Saarland": 136038,
        "Sachsen": 427237,
        "Sachsen-Anhalt": 274708,
        "Schleswig-Holstein": 407098,
        "Th\u00fcringen": 293307,
        "Bund": 6960,
        "Total": 10046898
    },
    "inhabitants": {
        "Baden-W\u00fcrttemberg": 11100394.0,
        "Bayern": 13124737.0,
        "Berlin": 3669491.0,
        "Brandenburg": 2521893.0,
        "Bremen": 681202.0,
        "Hamburg": 1847253.0,
        "Hessen": 6288080.0,
        "Mecklenburg-Vorpommern": 1608138.0,
        "Niedersachsen": 7993608.0,
        "Nordrhein-Westfalen": 17947221.0,
        "Rheinland-Pfalz": 4093903.0,
        "Saarland": 986887.0,
        "Sachsen": 4071971.0,
        "Sachsen-Anhalt": 2194782.0,
        "Schleswig-Holstein": 2903773.0,
        "Th\u00fcringen": 2133378.0,
        "Bund": null,
        "Total": 83166711.0
    },
    "vaccinated_rel": {
        "Baden-W\u00fcrttemberg": 11.9647464766,
        "Bayern": 12.1851127379,
        "Berlin": 12.2672327034,
        "Brandenburg": 13.6466931785,
        "Bremen": 14.1784668865,
        "Hamburg": 12.0274266708,
        "Hessen": 11.6414231371,
        "Mecklenburg-Vorpommern": 11.0527827836,
        "Niedersachsen": 11.9784207582,
        "Nordrhein-Westfalen": 11.5252550799,
        "Rheinland-Pfalz": 12.8325952032,
        "Saarland": 13.7845568946,
        "Sachsen": 10.492142503,
        "Sachsen-Anhalt": 12.5164139309,
        "Schleswig-Holstein": 14.0196220572,
        "Th\u00fcringen": 13.7484777662,
        "Bund": null,
        "Total": 12.0804320373
    },
    "Timestamp": "2021-04-04T10:00:05.675940"
}