{
    "vaccinated_abs": {
        "Baden-W\u00fcrttemberg": 487390.0,
        "Bayern": 683464.0,
        "Berlin": 168870.0,
        "Brandenburg": 104318.0,
        "Bremen": 34219.0,
        "Hamburg": 96003.0,
        "Hessen": 262941.0,
        "Mecklenburg-Vorpommern": 79502.0,
        "Niedersachsen": 357187.0,
        "Nordrhein-Westfalen": 814548.0,
        "Rheinland-Pfalz": 203526.0,
        "Saarland": 48966.0,
        "Sachsen": 198564.0,
        "Sachsen-Anhalt": 95119.0,
        "Schleswig-Holstein": 138111.0,
        "Th\u00fcringen": 108762.0,
        "Total": 3881490.0
    },
    "inhabitants": {
        "Baden-W\u00fcrttemberg": 11100394,
        "Bayern": 13124737,
        "Berlin": 3669491,
        "Brandenburg": 2521893,
        "Bremen": 681202,
        "Hamburg": 1847253,
        "Hessen": 6288080,
        "Mecklenburg-Vorpommern": 1608138,
        "Niedersachsen": 7993608,
        "Nordrhein-Westfalen": 17947221,
        "Rheinland-Pfalz": 4093903,
        "Saarland": 986887,
        "Sachsen": 4071971,
        "Sachsen-Anhalt": 2194782,
        "Schleswig-Holstein": 2903773,
        "Th\u00fcringen": 2133378,
        "Total": 83166711
    },
    "vaccinated_rel": {
        "Baden-W\u00fcrttemberg": 4.3907450492,
        "Bayern": 5.2074491093,
        "Berlin": 4.6020006589,
        "Brandenburg": 4.1364958783,
        "Bremen": 5.0233264142,
        "Hamburg": 5.1970682955,
        "Hessen": 4.1815784786,
        "Mecklenburg-Vorpommern": 4.9437299535,
        "Niedersachsen": 4.4684077578,
        "Nordrhein-Westfalen": 4.5385745236,
        "Rheinland-Pfalz": 4.971441678,
        "Saarland": 4.9616622774,
        "Sachsen": 4.8763608582,
        "Sachsen-Anhalt": 4.3338700609,
        "Schleswig-Holstein": 4.7562602173,
        "Th\u00fcringen": 5.0981120083,
        "Total": 4.6671197566
    },
    "Timestamp": "2021-02-27T10:00:07.324197"
}