{
    "vaccinated_abs": {
        "Baden-W\u00fcrttemberg": 283086.0,
        "Bayern": 380103.0,
        "Berlin": 122054.0,
        "Brandenburg": 75863.0,
        "Bremen": 21623.0,
        "Hamburg": 54960.0,
        "Hessen": 145656.0,
        "Mecklenburg-Vorpommern": 50606.0,
        "Niedersachsen": 176582.0,
        "Nordrhein-Westfalen": 430841.0,
        "Rheinland-Pfalz": 140347.0,
        "Saarland": 23883.0,
        "Sachsen": 100898.0,
        "Sachsen-Anhalt": 54926.0,
        "Schleswig-Holstein": 92243.0,
        "Th\u00fcringen": 61833.0,
        "Total": 2215504.0
    },
    "inhabitants": {
        "Baden-W\u00fcrttemberg": 11100394,
        "Bayern": 13124737,
        "Berlin": 3669491,
        "Brandenburg": 2521893,
        "Bremen": 681202,
        "Hamburg": 1847253,
        "Hessen": 6288080,
        "Mecklenburg-Vorpommern": 1608138,
        "Niedersachsen": 7993608,
        "Nordrhein-Westfalen": 17947221,
        "Rheinland-Pfalz": 4093903,
        "Saarland": 986887,
        "Sachsen": 4071971,
        "Sachsen-Anhalt": 2194782,
        "Schleswig-Holstein": 2903773,
        "Th\u00fcringen": 2133378,
        "Total": 83166711
    },
    "vaccinated_rel": {
        "Baden-W\u00fcrttemberg": 2.5502338025,
        "Bayern": 2.8960808891,
        "Berlin": 3.3261833862,
        "Brandenburg": 3.0081767942,
        "Bremen": 3.1742420016,
        "Hamburg": 2.9752286233,
        "Hessen": 2.3163827432,
        "Mecklenburg-Vorpommern": 3.1468692363,
        "Niedersachsen": 2.209040023,
        "Nordrhein-Westfalen": 2.4006000706,
        "Rheinland-Pfalz": 3.4281955386,
        "Saarland": 2.4200339046,
        "Sachsen": 2.4778663699,
        "Sachsen-Anhalt": 2.5025720094,
        "Schleswig-Holstein": 3.176660159,
        "Th\u00fcringen": 2.8983611906,
        "Total": 2.6639312453
    },
    "Timestamp": "2021-03-03T22:00:07.263587"
}