{
    "vaccinated_abs": {
        "Baden-W\u00fcrttemberg": 512999,
        "Bayern": 671249,
        "Berlin": 191892,
        "Brandenburg": 94206,
        "Bremen": 33836,
        "Hamburg": 90162,
        "Hessen": 302117,
        "Mecklenburg-Vorpommern": 70946,
        "Niedersachsen": 377999,
        "Nordrhein-Westfalen": 773122,
        "Rheinland-Pfalz": 175750,
        "Saarland": 41408,
        "Sachsen": 227404,
        "Sachsen-Anhalt": 90287,
        "Schleswig-Holstein": 110530,
        "Th\u00fcringen": 113987,
        "Bund": 20,
        "Total": 3877914
    },
    "inhabitants": {
        "Baden-W\u00fcrttemberg": 11100394.0,
        "Bayern": 13124737.0,
        "Berlin": 3669491.0,
        "Brandenburg": 2521893.0,
        "Bremen": 681202.0,
        "Hamburg": 1847253.0,
        "Hessen": 6288080.0,
        "Mecklenburg-Vorpommern": 1608138.0,
        "Niedersachsen": 7993608.0,
        "Nordrhein-Westfalen": 17947221.0,
        "Rheinland-Pfalz": 4093903.0,
        "Saarland": 986887.0,
        "Sachsen": 4071971.0,
        "Sachsen-Anhalt": 2194782.0,
        "Schleswig-Holstein": 2903773.0,
        "Th\u00fcringen": 2133378.0,
        "Bund": null,
        "Total": 83166711.0
    },
    "vaccinated_rel": {
        "Baden-W\u00fcrttemberg": 4.621448572,
        "Bayern": 5.1143805777,
        "Berlin": 5.2293901252,
        "Brandenburg": 3.7355272408,
        "Bremen": 4.9671022692,
        "Hamburg": 4.8808690526,
        "Hessen": 4.804598542,
        "Mecklenburg-Vorpommern": 4.4116860618,
        "Niedersachsen": 4.7287657839,
        "Nordrhein-Westfalen": 4.3077532728,
        "Rheinland-Pfalz": 4.2929693254,
        "Saarland": 4.1958197848,
        "Sachsen": 5.5846173757,
        "Sachsen-Anhalt": 4.1137115212,
        "Schleswig-Holstein": 3.8064270175,
        "Th\u00fcringen": 5.3430287553,
        "Bund": null,
        "Total": 4.6628199593
    },
    "Timestamp": "2021-03-30T03:00:06.594150"
}