{
    "vaccinated_abs": {
        "Baden-W\u00fcrttemberg": 135209.0,
        "Bayern": 232464.0,
        "Berlin": 59567.0,
        "Brandenburg": 49548.0,
        "Bremen": 13224.0,
        "Hamburg": 30549.0,
        "Hessen": 82019.0,
        "Mecklenburg-Vorpommern": 44449.0,
        "Niedersachsen": 109438.0,
        "Nordrhein-Westfalen": 235919.0,
        "Rheinland-Pfalz": 104589.0,
        "Saarland": 18612.0,
        "Sachsen": 62126.0,
        "Sachsen-Anhalt": 38749.0,
        "Schleswig-Holstein": 75268.0,
        "Th\u00fcringen": 32361.0,
        "Total": 1324091.0
    },
    "inhabitants": {
        "Baden-W\u00fcrttemberg": 11100394,
        "Bayern": 13124737,
        "Berlin": 3669491,
        "Brandenburg": 2521893,
        "Bremen": 681202,
        "Hamburg": 1847253,
        "Hessen": 6288080,
        "Mecklenburg-Vorpommern": 1608138,
        "Niedersachsen": 7993608,
        "Nordrhein-Westfalen": 17947221,
        "Rheinland-Pfalz": 4093903,
        "Saarland": 986887,
        "Sachsen": 4071971,
        "Sachsen-Anhalt": 2194782,
        "Schleswig-Holstein": 2903773,
        "Th\u00fcringen": 2133378,
        "Total": 83166711
    },
    "vaccinated_rel": {
        "Baden-W\u00fcrttemberg": 1.2180558636,
        "Bayern": 1.771189777,
        "Berlin": 1.6233041585,
        "Brandenburg": 1.9647146013,
        "Bremen": 1.9412743944,
        "Hamburg": 1.6537528969,
        "Hessen": 1.3043568148,
        "Mecklenburg-Vorpommern": 2.7640040842,
        "Niedersachsen": 1.369068886,
        "Nordrhein-Westfalen": 1.3145154896,
        "Rheinland-Pfalz": 2.5547503202,
        "Saarland": 1.8859302027,
        "Sachsen": 1.5256984885,
        "Sachsen-Anhalt": 1.7655056402,
        "Schleswig-Holstein": 2.5920758957,
        "Th\u00fcringen": 1.5168901151,
        "Total": 1.5920925381
    },
    "Timestamp": "2021-01-22T10:00:04.461737"
}