{
    "vaccinated_abs": {
        "Baden-W\u00fcrttemberg": 436296.0,
        "Bayern": 609003.0,
        "Berlin": 157559.0,
        "Brandenburg": 90507.0,
        "Bremen": 31189.0,
        "Hamburg": 87043.0,
        "Hessen": 237076.0,
        "Mecklenburg-Vorpommern": 72467.0,
        "Niedersachsen": 310496.0,
        "Nordrhein-Westfalen": 760512.0,
        "Rheinland-Pfalz": 187044.0,
        "Saarland": 44042.0,
        "Sachsen": 178860.0,
        "Sachsen-Anhalt": 86635.0,
        "Schleswig-Holstein": 128805.0,
        "Th\u00fcringen": 100760.0,
        "Total": 3518294.0
    },
    "inhabitants": {
        "Baden-W\u00fcrttemberg": 11100394,
        "Bayern": 13124737,
        "Berlin": 3669491,
        "Brandenburg": 2521893,
        "Bremen": 681202,
        "Hamburg": 1847253,
        "Hessen": 6288080,
        "Mecklenburg-Vorpommern": 1608138,
        "Niedersachsen": 7993608,
        "Nordrhein-Westfalen": 17947221,
        "Rheinland-Pfalz": 4093903,
        "Saarland": 986887,
        "Sachsen": 4071971,
        "Sachsen-Anhalt": 2194782,
        "Schleswig-Holstein": 2903773,
        "Th\u00fcringen": 2133378,
        "Total": 83166711
    },
    "vaccinated_rel": {
        "Baden-W\u00fcrttemberg": 3.9304550811,
        "Bayern": 4.6401158362,
        "Berlin": 4.293756273,
        "Brandenburg": 3.5888517078,
        "Bremen": 4.5785244318,
        "Hamburg": 4.7120237455,
        "Hessen": 3.7702446534,
        "Mecklenburg-Vorpommern": 4.5062674969,
        "Niedersachsen": 3.8843035585,
        "Nordrhein-Westfalen": 4.2374916986,
        "Rheinland-Pfalz": 4.5688429843,
        "Saarland": 4.4627196427,
        "Sachsen": 4.3924674316,
        "Sachsen-Anhalt": 3.9473168634,
        "Schleswig-Holstein": 4.4357806206,
        "Th\u00fcringen": 4.7230261116,
        "Total": 4.2304113722
    },
    "Timestamp": "2021-02-25T01:00:04.230824"
}