{
    "vaccinated_abs": {
        "Baden-W\u00fcrttemberg": 230919.0,
        "Bayern": 324861.0,
        "Berlin": 97440.0,
        "Brandenburg": 73844.0,
        "Bremen": 19415.0,
        "Hamburg": 46374.0,
        "Hessen": 130763.0,
        "Mecklenburg-Vorpommern": 56289.0,
        "Niedersachsen": 151609.0,
        "Nordrhein-Westfalen": 357397.0,
        "Rheinland-Pfalz": 141500.0,
        "Saarland": 21589.0,
        "Sachsen": 89519.0,
        "Sachsen-Anhalt": 50324.0,
        "Schleswig-Holstein": 90151.0,
        "Th\u00fcringen": 53362.0,
        "Total": 1935356.0
    },
    "inhabitants": {
        "Baden-W\u00fcrttemberg": 11100394,
        "Bayern": 13124737,
        "Berlin": 3669491,
        "Brandenburg": 2521893,
        "Bremen": 681202,
        "Hamburg": 1847253,
        "Hessen": 6288080,
        "Mecklenburg-Vorpommern": 1608138,
        "Niedersachsen": 7993608,
        "Nordrhein-Westfalen": 17947221,
        "Rheinland-Pfalz": 4093903,
        "Saarland": 986887,
        "Sachsen": 4071971,
        "Sachsen-Anhalt": 2194782,
        "Schleswig-Holstein": 2903773,
        "Th\u00fcringen": 2133378,
        "Total": 83166711
    },
    "vaccinated_rel": {
        "Baden-W\u00fcrttemberg": 2.0802775109,
        "Bayern": 2.4751810265,
        "Berlin": 2.6554091562,
        "Brandenburg": 2.928117886,
        "Bremen": 2.8501090719,
        "Hamburg": 2.5104303525,
        "Hessen": 2.0795377921,
        "Mecklenburg-Vorpommern": 3.5002593061,
        "Niedersachsen": 1.8966279057,
        "Nordrhein-Westfalen": 1.9913779409,
        "Rheinland-Pfalz": 3.4563593715,
        "Saarland": 2.1875858128,
        "Sachsen": 2.1984193895,
        "Sachsen-Anhalt": 2.2928928705,
        "Schleswig-Holstein": 3.10461596,
        "Th\u00fcringen": 2.5012913792,
        "Total": 2.3270801222
    },
    "Timestamp": "2021-02-01T22:00:07.391207"
}