{
    "vaccinated_rel": {
        "Baden-W\u00fcrttemberg": 20.0731883931,
        "Bayern": 20.6458003692,
        "Berlin": 20.3417585709,
        "Brandenburg": 21.1009745457,
        "Bremen": 24.0976978928,
        "Hamburg": 19.9447503942,
        "Hessen": 18.1940910421,
        "Mecklenburg-Vorpommern": 22.0344273937,
        "Niedersachsen": 19.3225011784,
        "Nordrhein-Westfalen": 20.8516349133,
        "Rheinland-Pfalz": 21.4884915446,
        "Saarland": 24.5202338262,
        "Sachsen": 23.4935857844,
        "Sachsen-Anhalt": 20.6621887732,
        "Schleswig-Holstein": 22.6221540045,
        "Th\u00fcringen": 21.8246836707,
        "ImpfzentrenBund": "-",
        "Total": 20.7306202117
    },
    "vaccinated_abs": {
        "Total": 17240975.0
    },
    "Timestamp": "2021-06-05T17:00:03.353036"
}