{
    "vaccinated_rel": {
        "Baden-W\u00fcrttemberg": 15.5564207901,
        "Bayern": 15.498306747,
        "Berlin": 16.2825307379,
        "Brandenburg": 16.0756622109,
        "Bremen": 19.6831483172,
        "Hamburg": 14.9440276995,
        "Hessen": 13.9860497958,
        "Mecklenburg-Vorpommern": 15.2475720367,
        "Niedersachsen": 14.0166993428,
        "Nordrhein-Westfalen": 14.9180477579,
        "Rheinland-Pfalz": 17.0356014786,
        "Saarland": 18.2412981425,
        "Sachsen": 19.4757526515,
        "Sachsen-Anhalt": 15.2910858573,
        "Schleswig-Holstein": 18.2835572891,
        "Th\u00fcringen": 18.1457763228,
        "ImpfzentrenBund": "-",
        "Total": 15.6957343185
    },
    "vaccinated_abs": {
        "Total": 13053626.0
    },
    "Timestamp": "2021-05-27T22:00:03.507048"
}