{
    "vaccinated_abs": {
        "Baden-W\u00fcrttemberg": 958151,
        "Bayern": 1216071,
        "Berlin": 329583,
        "Brandenburg": 218220,
        "Bremen": 66390,
        "Hamburg": 167855,
        "Hessen": 547711,
        "Mecklenburg-Vorpommern": 128649,
        "Niedersachsen": 668096,
        "Nordrhein-Westfalen": 1451206,
        "Rheinland-Pfalz": 385904,
        "Saarland": 102985,
        "Sachsen": 324203,
        "Sachsen-Anhalt": 187162,
        "Schleswig-Holstein": 275244,
        "Th\u00fcringen": 200437,
        "Bund": 6064,
        "Total": 7233931
    },
    "inhabitants": {
        "Baden-W\u00fcrttemberg": 11100394.0,
        "Bayern": 13124737.0,
        "Berlin": 3669491.0,
        "Brandenburg": 2521893.0,
        "Bremen": 681202.0,
        "Hamburg": 1847253.0,
        "Hessen": 6288080.0,
        "Mecklenburg-Vorpommern": 1608138.0,
        "Niedersachsen": 7993608.0,
        "Nordrhein-Westfalen": 17947221.0,
        "Rheinland-Pfalz": 4093903.0,
        "Saarland": 986887.0,
        "Sachsen": 4071971.0,
        "Sachsen-Anhalt": 2194782.0,
        "Schleswig-Holstein": 2903773.0,
        "Th\u00fcringen": 2133378.0,
        "Bund": null,
        "Total": 83166711.0
    },
    "vaccinated_rel": {
        "Baden-W\u00fcrttemberg": 8.6316846051,
        "Bayern": 9.2654885199,
        "Berlin": 8.9817089073,
        "Brandenburg": 8.6530237405,
        "Bremen": 9.7460077921,
        "Hamburg": 9.086735818,
        "Hessen": 8.7103058485,
        "Mecklenburg-Vorpommern": 7.9998731452,
        "Niedersachsen": 8.3578779445,
        "Nordrhein-Westfalen": 8.0859649525,
        "Rheinland-Pfalz": 9.4263102961,
        "Saarland": 10.435338595,
        "Sachsen": 7.9618199638,
        "Sachsen-Anhalt": 8.5275895283,
        "Schleswig-Holstein": 9.4788401159,
        "Th\u00fcringen": 9.3952876612,
        "Bund": null,
        "Total": 8.6981087902
    },
    "Timestamp": "2021-03-21T18:00:05.095747"
}