{
    "vaccinated_abs": {
        "Baden-W\u00fcrttemberg": 198902.0,
        "Bayern": 291334.0,
        "Berlin": 84111.0,
        "Brandenburg": 67643.0,
        "Bremen": 17595.0,
        "Hamburg": 40819.0,
        "Hessen": 114788.0,
        "Mecklenburg-Vorpommern": 53619.0,
        "Niedersachsen": 140982.0,
        "Nordrhein-Westfalen": 312109.0,
        "Rheinland-Pfalz": 136803.0,
        "Saarland": 19527.0,
        "Sachsen": 79507.0,
        "Sachsen-Anhalt": 46795.0,
        "Schleswig-Holstein": 87351.0,
        "Th\u00fcringen": 46351.0,
        "Total": 1738236.0
    },
    "inhabitants": {
        "Baden-W\u00fcrttemberg": 11100394,
        "Bayern": 13124737,
        "Berlin": 3669491,
        "Brandenburg": 2521893,
        "Bremen": 681202,
        "Hamburg": 1847253,
        "Hessen": 6288080,
        "Mecklenburg-Vorpommern": 1608138,
        "Niedersachsen": 7993608,
        "Nordrhein-Westfalen": 17947221,
        "Rheinland-Pfalz": 4093903,
        "Saarland": 986887,
        "Sachsen": 4071971,
        "Sachsen-Anhalt": 2194782,
        "Schleswig-Holstein": 2903773,
        "Th\u00fcringen": 2133378,
        "Total": 83166711
    },
    "vaccinated_rel": {
        "Baden-W\u00fcrttemberg": 1.7918463074,
        "Bayern": 2.2197320983,
        "Berlin": 2.292170767,
        "Brandenburg": 2.6822311652,
        "Bremen": 2.5829342838,
        "Hamburg": 2.2097135585,
        "Hessen": 1.8254856808,
        "Mecklenburg-Vorpommern": 3.3342287789,
        "Niedersachsen": 1.7636841837,
        "Nordrhein-Westfalen": 1.7390380383,
        "Rheinland-Pfalz": 3.3416277816,
        "Saarland": 1.9786459848,
        "Sachsen": 1.9525433752,
        "Sachsen-Anhalt": 2.1321024138,
        "Schleswig-Holstein": 3.0081896898,
        "Th\u00fcringen": 2.172657635,
        "Total": 2.0900622125
    },
    "Timestamp": "2021-01-29T03:00:03.708039"
}