{
    "vaccinated_rel": {
        "Baden-W\u00fcrttemberg": 27.7830678803,
        "Bayern": 28.8474656673,
        "Berlin": 25.950928889,
        "Brandenburg": 25.5458895362,
        "Bremen": 29.4469188288,
        "Hamburg": 28.5360478505,
        "Hessen": 27.1087517971,
        "Mecklenburg-Vorpommern": 30.1775718253,
        "Niedersachsen": 28.5478097,
        "Nordrhein-Westfalen": 29.6075475975,
        "Rheinland-Pfalz": 27.7166801461,
        "Saarland": 31.3952863904,
        "Sachsen": 25.7296773479,
        "Sachsen-Anhalt": 28.3780348117,
        "Schleswig-Holstein": 26.7749923978,
        "Th\u00fcringen": 26.3258550524,
        "ImpfzentrenBund": "-",
        "Total": 28.2469424575
    },
    "vaccinated_abs": {
        "Total": 23492053.0
    },
    "Timestamp": "2021-05-03T16:00:02.624317"
}