{
    "vaccinated_abs": {
        "Baden-W\u00fcrttemberg": 106642.0,
        "Bayern": 196692.0,
        "Berlin": 53015.0,
        "Brandenburg": 27991.0,
        "Bremen": 9505.0,
        "Hamburg": 22875.0,
        "Hessen": 63607.0,
        "Mecklenburg-Vorpommern": 21115.0,
        "Niedersachsen": 85544.0,
        "Nordrhein-Westfalen": 199283.0,
        "Rheinland-Pfalz": 54278.0,
        "Saarland": 14560.0,
        "Sachsen": 42097.0,
        "Sachsen-Anhalt": 29498.0,
        "Schleswig-Holstein": 32852.0,
        "Th\u00fcringen": 22360.0,
        "Total": 981914.0
    },
    "inhabitants": {
        "Baden-W\u00fcrttemberg": 11100394,
        "Bayern": 13124737,
        "Berlin": 3669491,
        "Brandenburg": 2521893,
        "Bremen": 681202,
        "Hamburg": 1847253,
        "Hessen": 6288080,
        "Mecklenburg-Vorpommern": 1608138,
        "Niedersachsen": 7993608,
        "Nordrhein-Westfalen": 17947221,
        "Rheinland-Pfalz": 4093903,
        "Saarland": 986887,
        "Sachsen": 4071971,
        "Sachsen-Anhalt": 2194782,
        "Schleswig-Holstein": 2903773,
        "Th\u00fcringen": 2133378,
        "Total": 83166711
    },
    "vaccinated_rel": {
        "Baden-W\u00fcrttemberg": 0.9607046381,
        "Bayern": 1.4986357441,
        "Berlin": 1.4447507842,
        "Brandenburg": 1.1099202068,
        "Bremen": 1.3953276708,
        "Hamburg": 1.2383252321,
        "Hessen": 1.0115488353,
        "Mecklenburg-Vorpommern": 1.3130092069,
        "Niedersachsen": 1.0701550539,
        "Nordrhein-Westfalen": 1.1103836076,
        "Rheinland-Pfalz": 1.3258252577,
        "Saarland": 1.4753462149,
        "Sachsen": 1.0338236692,
        "Sachsen-Anhalt": 1.3440059195,
        "Schleswig-Holstein": 1.1313556535,
        "Th\u00fcringen": 1.0481030553,
        "Total": 1.1806574869
    },
    "Timestamp": "2021-02-08T18:00:07.078325"
}