{
    "vaccinated_abs": {
        "Baden-W\u00fcrttemberg": 128128.0,
        "Bayern": 226316.0,
        "Berlin": 57184.0,
        "Brandenburg": 45071.0,
        "Bremen": 12799.0,
        "Hamburg": 28602.0,
        "Hessen": 76907.0,
        "Mecklenburg-Vorpommern": 41827.0,
        "Niedersachsen": 101251.0,
        "Nordrhein-Westfalen": 223549.0,
        "Rheinland-Pfalz": 99282.0,
        "Saarland": 17759.0,
        "Sachsen": 58576.0,
        "Sachsen-Anhalt": 35940.0,
        "Schleswig-Holstein": 72506.0,
        "Th\u00fcringen": 29063.0,
        "Total": 1254760.0
    },
    "inhabitants": {
        "Baden-W\u00fcrttemberg": 11100394,
        "Bayern": 13124737,
        "Berlin": 3669491,
        "Brandenburg": 2521893,
        "Bremen": 681202,
        "Hamburg": 1847253,
        "Hessen": 6288080,
        "Mecklenburg-Vorpommern": 1608138,
        "Niedersachsen": 7993608,
        "Nordrhein-Westfalen": 17947221,
        "Rheinland-Pfalz": 4093903,
        "Saarland": 986887,
        "Sachsen": 4071971,
        "Sachsen-Anhalt": 2194782,
        "Schleswig-Holstein": 2903773,
        "Th\u00fcringen": 2133378,
        "Total": 83166711
    },
    "vaccinated_rel": {
        "Baden-W\u00fcrttemberg": 1.1542653351,
        "Bayern": 1.7243469336,
        "Berlin": 1.5583632716,
        "Brandenburg": 1.7871892265,
        "Bremen": 1.8788846774,
        "Hamburg": 1.5483531492,
        "Hessen": 1.2230601392,
        "Mecklenburg-Vorpommern": 2.6009583755,
        "Niedersachsen": 1.266649553,
        "Nordrhein-Westfalen": 1.2455911698,
        "Rheinland-Pfalz": 2.4251185238,
        "Saarland": 1.7994968016,
        "Sachsen": 1.4385171211,
        "Sachsen-Anhalt": 1.637520264,
        "Schleswig-Holstein": 2.4969582677,
        "Th\u00fcringen": 1.3622996019,
        "Total": 1.5087286547
    },
    "Timestamp": "2021-01-21T06:00:05.890675"
}