{
    "vaccinated_rel": {
        "Baden-W\u00fcrttemberg": 10.3774965105,
        "Bayern": 9.9473002773,
        "Berlin": 12.0556502251,
        "Brandenburg": 11.3989768797,
        "Bremen": 13.6794959498,
        "Hamburg": 9.6565007609,
        "Hessen": 9.5628713375,
        "Mecklenburg-Vorpommern": 10.140672007,
        "Niedersachsen": 9.2187908139,
        "Nordrhein-Westfalen": 9.6613286258,
        "Rheinland-Pfalz": 12.3792381011,
        "Saarland": 10.9547496319,
        "Sachsen": 14.3838450716,
        "Sachsen-Anhalt": 10.2909081631,
        "Schleswig-Holstein": 12.7585041944,
        "Th\u00fcringen": 14.8804853148,
        "ImpfzentrenBund": "-",
        "Total": 10.6080544654
    },
    "vaccinated_abs": {
        "Total": 8822370.0
    },
    "Timestamp": "2021-05-14T15:00:03.700124"
}