{
    "vaccinated_abs": {
        "Baden-W\u00fcrttemberg": 522298,
        "Bayern": 683285,
        "Berlin": 196900,
        "Brandenburg": 95414,
        "Bremen": 34428,
        "Hamburg": 91010,
        "Hessen": 312911,
        "Mecklenburg-Vorpommern": 71910,
        "Niedersachsen": 388595,
        "Nordrhein-Westfalen": 783385,
        "Rheinland-Pfalz": 182576,
        "Saarland": 43264,
        "Sachsen": 234043,
        "Sachsen-Anhalt": 92760,
        "Schleswig-Holstein": 111735,
        "Th\u00fcringen": 116631,
        "Bund": 20,
        "Total": 3961165
    },
    "inhabitants": {
        "Baden-W\u00fcrttemberg": 11100394.0,
        "Bayern": 13124737.0,
        "Berlin": 3669491.0,
        "Brandenburg": 2521893.0,
        "Bremen": 681202.0,
        "Hamburg": 1847253.0,
        "Hessen": 6288080.0,
        "Mecklenburg-Vorpommern": 1608138.0,
        "Niedersachsen": 7993608.0,
        "Nordrhein-Westfalen": 17947221.0,
        "Rheinland-Pfalz": 4093903.0,
        "Saarland": 986887.0,
        "Sachsen": 4071971.0,
        "Sachsen-Anhalt": 2194782.0,
        "Schleswig-Holstein": 2903773.0,
        "Th\u00fcringen": 2133378.0,
        "Bund": null,
        "Total": 83166711.0
    },
    "vaccinated_rel": {
        "Baden-W\u00fcrttemberg": 4.7052203733,
        "Bayern": 5.2060852724,
        "Berlin": 5.3658668191,
        "Brandenburg": 3.7834277664,
        "Bremen": 5.054007475,
        "Hamburg": 4.9267750546,
        "Hessen": 4.9762566634,
        "Mecklenburg-Vorpommern": 4.471631166,
        "Niedersachsen": 4.861321696,
        "Nordrhein-Westfalen": 4.3649376135,
        "Rheinland-Pfalz": 4.4597050785,
        "Saarland": 4.3838858958,
        "Sachsen": 5.7476588119,
        "Sachsen-Anhalt": 4.2263878599,
        "Schleswig-Holstein": 3.8479247517,
        "Th\u00fcringen": 5.4669636604,
        "Bund": null,
        "Total": 4.7629213087
    },
    "Timestamp": "2021-03-31T04:00:07.003776"
}