{
    "vaccinated_rel": {
        "Baden-W\u00fcrttemberg": 7.0263091562,
        "Bayern": 6.9403295472,
        "Berlin": 8.8206238958,
        "Brandenburg": 7.0360637822,
        "Bremen": 8.096130076,
        "Hamburg": 6.2017493002,
        "Hessen": 7.4618007404,
        "Mecklenburg-Vorpommern": 6.5799079432,
        "Niedersachsen": 6.5667718507,
        "Nordrhein-Westfalen": 7.1209520404,
        "Rheinland-Pfalz": 7.3053269704,
        "Saarland": 8.1593941353,
        "Sachsen": 8.5306599679,
        "Sachsen-Anhalt": 6.425695126,
        "Schleswig-Holstein": 7.4567123532,
        "Th\u00fcringen": 9.97277557,
        "ImpfzentrenBund": "-",
        "Total": 7.2601921218
    },
    "vaccinated_abs": {
        "Total": 6038063.0
    },
    "Timestamp": "2021-04-27T14:00:02.768848"
}