{
    "vaccinated_abs": {
        "Baden-W\u00fcrttemberg": 544055,
        "Bayern": 716448,
        "Berlin": 208002,
        "Brandenburg": 101434,
        "Bremen": 35857,
        "Hamburg": 90757,
        "Hessen": 331081,
        "Mecklenburg-Vorpommern": 75589,
        "Niedersachsen": 408173,
        "Nordrhein-Westfalen": 826118,
        "Rheinland-Pfalz": 181180,
        "Saarland": 47003,
        "Sachsen": 248526,
        "Sachsen-Anhalt": 99400,
        "Schleswig-Holstein": 116154,
        "Th\u00fcringen": 122617,
        "Bund": 20,
        "Total": 4152414
    },
    "inhabitants": {
        "Baden-W\u00fcrttemberg": 11100394.0,
        "Bayern": 13124737.0,
        "Berlin": 3669491.0,
        "Brandenburg": 2521893.0,
        "Bremen": 681202.0,
        "Hamburg": 1847253.0,
        "Hessen": 6288080.0,
        "Mecklenburg-Vorpommern": 1608138.0,
        "Niedersachsen": 7993608.0,
        "Nordrhein-Westfalen": 17947221.0,
        "Rheinland-Pfalz": 4093903.0,
        "Saarland": 986887.0,
        "Sachsen": 4071971.0,
        "Sachsen-Anhalt": 2194782.0,
        "Schleswig-Holstein": 2903773.0,
        "Th\u00fcringen": 2133378.0,
        "Bund": null,
        "Total": 83166711.0
    },
    "vaccinated_rel": {
        "Baden-W\u00fcrttemberg": 4.9012224251,
        "Bayern": 5.4587608117,
        "Berlin": 5.6684155922,
        "Brandenburg": 4.0221373389,
        "Bremen": 5.2637837235,
        "Hamburg": 4.9130790422,
        "Hessen": 5.2652160914,
        "Mecklenburg-Vorpommern": 4.7004050647,
        "Niedersachsen": 5.1062423877,
        "Nordrhein-Westfalen": 4.6030413288,
        "Rheinland-Pfalz": 4.4256055896,
        "Saarland": 4.7627539931,
        "Sachsen": 6.103334233,
        "Sachsen-Anhalt": 4.5289236015,
        "Schleswig-Holstein": 4.0001060689,
        "Th\u00fcringen": 5.7475515356,
        "Bund": null,
        "Total": 4.9928799036
    },
    "Timestamp": "2021-04-03T04:00:05.506980"
}