{
    "vaccinated_abs": {
        "Baden-W\u00fcrttemberg": 370539,
        "Bayern": 488664,
        "Berlin": 138885,
        "Brandenburg": 80433,
        "Bremen": 24829,
        "Hamburg": 67723,
        "Hessen": 200909,
        "Mecklenburg-Vorpommern": 57483,
        "Niedersachsen": 249246,
        "Nordrhein-Westfalen": 514244,
        "Rheinland-Pfalz": 143839,
        "Saarland": 31765,
        "Sachsen": 130071,
        "Sachsen-Anhalt": 68396,
        "Schleswig-Holstein": 98811,
        "Th\u00fcringen": 83949,
        "Bund": "-",
        "Total": 2749786
    },
    "inhabitants": {
        "Baden-W\u00fcrttemberg": 11100394.0,
        "Bayern": 13124737.0,
        "Berlin": 3669491.0,
        "Brandenburg": 2521893.0,
        "Bremen": 681202.0,
        "Hamburg": 1847253.0,
        "Hessen": 6288080.0,
        "Mecklenburg-Vorpommern": 1608138.0,
        "Niedersachsen": 7993608.0,
        "Nordrhein-Westfalen": 17947221.0,
        "Rheinland-Pfalz": 4093903.0,
        "Saarland": 986887.0,
        "Sachsen": 4071971.0,
        "Sachsen-Anhalt": 2194782.0,
        "Schleswig-Holstein": 2903773.0,
        "Th\u00fcringen": 2133378.0,
        "Bund": null,
        "Total": 83166711.0
    },
    "vaccinated_rel": {
        "Baden-W\u00fcrttemberg": 3.3380707027,
        "Bayern": 3.7232288921,
        "Berlin": 3.7848573549,
        "Brandenburg": 3.189389875,
        "Bremen": 3.6448806668,
        "Hamburg": 3.6661464347,
        "Hessen": 3.1950770346,
        "Mecklenburg-Vorpommern": 3.5745066655,
        "Niedersachsen": 3.118066335,
        "Nordrhein-Westfalen": 2.8653126855,
        "Rheinland-Pfalz": 3.513493114,
        "Saarland": 3.2187069036,
        "Sachsen": 3.1943007453,
        "Sachsen-Anhalt": 3.1163003888,
        "Schleswig-Holstein": 3.4028486387,
        "Th\u00fcringen": 3.9350269854,
        "Bund": null,
        "Total": 3.3063541493
    },
    "Timestamp": "2021-03-13T12:00:07.937908"
}