{
    "vaccinated_abs": {
        "Baden-W\u00fcrttemberg": 154818.0,
        "Bayern": 244058.0,
        "Berlin": 67960.0,
        "Brandenburg": 58422.0,
        "Bremen": 14664.0,
        "Hamburg": 34132.0,
        "Hessen": 89249.0,
        "Mecklenburg-Vorpommern": 49922.0,
        "Niedersachsen": 127121.0,
        "Nordrhein-Westfalen": 267193.0,
        "Rheinland-Pfalz": 117050.0,
        "Saarland": 17112.0,
        "Sachsen": 67357.0,
        "Sachsen-Anhalt": 41742.0,
        "Schleswig-Holstein": 81267.0,
        "Th\u00fcringen": 37286.0,
        "Total": 1469353.0
    },
    "inhabitants": {
        "Baden-W\u00fcrttemberg": 11100394,
        "Bayern": 13124737,
        "Berlin": 3669491,
        "Brandenburg": 2521893,
        "Bremen": 681202,
        "Hamburg": 1847253,
        "Hessen": 6288080,
        "Mecklenburg-Vorpommern": 1608138,
        "Niedersachsen": 7993608,
        "Nordrhein-Westfalen": 17947221,
        "Rheinland-Pfalz": 4093903,
        "Saarland": 986887,
        "Sachsen": 4071971,
        "Sachsen-Anhalt": 2194782,
        "Schleswig-Holstein": 2903773,
        "Th\u00fcringen": 2133378,
        "Total": 83166711
    },
    "vaccinated_rel": {
        "Baden-W\u00fcrttemberg": 1.3947072509,
        "Bayern": 1.8595267852,
        "Berlin": 1.8520279788,
        "Brandenburg": 2.3165931306,
        "Bremen": 2.1526654355,
        "Hamburg": 1.8477165824,
        "Hessen": 1.419336268,
        "Mecklenburg-Vorpommern": 3.1043355732,
        "Niedersachsen": 1.5902831362,
        "Nordrhein-Westfalen": 1.4887708799,
        "Rheinland-Pfalz": 2.859129784,
        "Saarland": 1.7339371174,
        "Sachsen": 1.6541620753,
        "Sachsen-Anhalt": 1.901874537,
        "Schleswig-Holstein": 2.7986691797,
        "Th\u00fcringen": 1.7477446566,
        "Total": 1.7667561724
    },
    "Timestamp": "2021-01-24T10:00:05.141742"
}