{
    "vaccinated_abs": {
        "Baden-W\u00fcrttemberg": 269728.0,
        "Bayern": 368547.0,
        "Berlin": 111227.0,
        "Brandenburg": 78049.0,
        "Bremen": 21290.0,
        "Hamburg": 53886.0,
        "Hessen": 152473.0,
        "Mecklenburg-Vorpommern": 61425.0,
        "Niedersachsen": 176285.0,
        "Nordrhein-Westfalen": 426777.0,
        "Rheinland-Pfalz": 145593.0,
        "Saarland": 24516.0,
        "Sachsen": 104150.0,
        "Sachsen-Anhalt": 57355.0,
        "Schleswig-Holstein": 96209.0,
        "Th\u00fcringen": 65341.0,
        "Total": 2212851.0
    },
    "inhabitants": {
        "Baden-W\u00fcrttemberg": 11100394,
        "Bayern": 13124737,
        "Berlin": 3669491,
        "Brandenburg": 2521893,
        "Bremen": 681202,
        "Hamburg": 1847253,
        "Hessen": 6288080,
        "Mecklenburg-Vorpommern": 1608138,
        "Niedersachsen": 7993608,
        "Nordrhein-Westfalen": 17947221,
        "Rheinland-Pfalz": 4093903,
        "Saarland": 986887,
        "Sachsen": 4071971,
        "Sachsen-Anhalt": 2194782,
        "Schleswig-Holstein": 2903773,
        "Th\u00fcringen": 2133378,
        "Total": 83166711
    },
    "vaccinated_rel": {
        "Baden-W\u00fcrttemberg": 2.4298957316,
        "Bayern": 2.8080334105,
        "Berlin": 3.0311288405,
        "Brandenburg": 3.094857712,
        "Bremen": 3.1253578234,
        "Hamburg": 2.9170882386,
        "Hessen": 2.4247942138,
        "Mecklenburg-Vorpommern": 3.8196348821,
        "Niedersachsen": 2.2053245543,
        "Nordrhein-Westfalen": 2.3779558963,
        "Rheinland-Pfalz": 3.5563373143,
        "Saarland": 2.4841749866,
        "Sachsen": 2.5577294141,
        "Sachsen-Anhalt": 2.6132435932,
        "Schleswig-Holstein": 3.3132410832,
        "Th\u00fcringen": 3.0627952477,
        "Total": 2.660741267
    },
    "Timestamp": "2021-02-06T18:00:07.094550"
}