{
    "vaccinated_abs": {
        "Baden-W\u00fcrttemberg": 245773.0,
        "Bayern": 340112.0,
        "Berlin": 103404.0,
        "Brandenburg": 76097.0,
        "Bremen": 20029.0,
        "Hamburg": 49270.0,
        "Hessen": 138721.0,
        "Mecklenburg-Vorpommern": 58003.0,
        "Niedersachsen": 159097.0,
        "Nordrhein-Westfalen": 379102.0,
        "Rheinland-Pfalz": 143381.0,
        "Saarland": 22888.0,
        "Sachsen": 95470.0,
        "Sachsen-Anhalt": 52824.0,
        "Schleswig-Holstein": 92616.0,
        "Th\u00fcringen": 56774.0,
        "Total": 2033561.0
    },
    "inhabitants": {
        "Baden-W\u00fcrttemberg": 11100394,
        "Bayern": 13124737,
        "Berlin": 3669491,
        "Brandenburg": 2521893,
        "Bremen": 681202,
        "Hamburg": 1847253,
        "Hessen": 6288080,
        "Mecklenburg-Vorpommern": 1608138,
        "Niedersachsen": 7993608,
        "Nordrhein-Westfalen": 17947221,
        "Rheinland-Pfalz": 4093903,
        "Saarland": 986887,
        "Sachsen": 4071971,
        "Sachsen-Anhalt": 2194782,
        "Schleswig-Holstein": 2903773,
        "Th\u00fcringen": 2133378,
        "Total": 83166711
    },
    "vaccinated_rel": {
        "Baden-W\u00fcrttemberg": 2.2140925809,
        "Bayern": 2.5913814502,
        "Berlin": 2.8179385097,
        "Brandenburg": 3.0174555384,
        "Bremen": 2.9402438631,
        "Hamburg": 2.6672036803,
        "Hessen": 2.2060947062,
        "Mecklenburg-Vorpommern": 3.6068421989,
        "Niedersachsen": 1.9903027519,
        "Nordrhein-Westfalen": 2.1123158844,
        "Rheinland-Pfalz": 3.5023057459,
        "Saarland": 2.3192118247,
        "Sachsen": 2.3445648311,
        "Sachsen-Anhalt": 2.4067993997,
        "Schleswig-Holstein": 3.1895055158,
        "Th\u00fcringen": 2.6612255306,
        "Total": 2.4451622236
    },
    "Timestamp": "2021-02-04T03:00:06.131142"
}