{
    "vaccinated_abs": {
        "Baden-W\u00fcrttemberg": 331370,
        "Bayern": 447140,
        "Berlin": 131368,
        "Brandenburg": 78047,
        "Bremen": 23344,
        "Hamburg": 62862,
        "Hessen": 179166,
        "Mecklenburg-Vorpommern": 54215,
        "Niedersachsen": 206705,
        "Nordrhein-Westfalen": 513847,
        "Rheinland-Pfalz": 142853,
        "Saarland": 27311,
        "Sachsen": 115958,
        "Sachsen-Anhalt": 62603,
        "Schleswig-Holstein": 96081,
        "Th\u00fcringen": 73822,
        "Bund": "-",
        "Total": 2546692
    },
    "inhabitants": {
        "Baden-W\u00fcrttemberg": 11100394.0,
        "Bayern": 13124737.0,
        "Berlin": 3669491.0,
        "Brandenburg": 2521893.0,
        "Bremen": 681202.0,
        "Hamburg": 1847253.0,
        "Hessen": 6288080.0,
        "Mecklenburg-Vorpommern": 1608138.0,
        "Niedersachsen": 7993608.0,
        "Nordrhein-Westfalen": 17947221.0,
        "Rheinland-Pfalz": 4093903.0,
        "Saarland": 986887.0,
        "Sachsen": 4071971.0,
        "Sachsen-Anhalt": 2194782.0,
        "Schleswig-Holstein": 2903773.0,
        "Th\u00fcringen": 2133378.0,
        "Bund": null,
        "Total": 83166711.0
    },
    "vaccinated_rel": {
        "Baden-W\u00fcrttemberg": 2.9852093538,
        "Bayern": 3.4068492192,
        "Berlin": 3.5800060553,
        "Brandenburg": 3.0947784065,
        "Bremen": 3.4268836557,
        "Hamburg": 3.4029989395,
        "Hessen": 2.8492958105,
        "Mecklenburg-Vorpommern": 3.3712902748,
        "Niedersachsen": 2.585878617,
        "Nordrhein-Westfalen": 2.8631006438,
        "Rheinland-Pfalz": 3.489408518,
        "Saarland": 2.7673887689,
        "Sachsen": 2.8477118329,
        "Sachsen-Anhalt": 2.8523561793,
        "Schleswig-Holstein": 3.3088330252,
        "Th\u00fcringen": 3.4603337993,
        "Bund": null,
        "Total": 3.0621530771
    },
    "Timestamp": "2021-03-10T07:00:06.139964"
}