{
    "vaccinated_rel": {
        "Baden-W\u00fcrttemberg": 37.1919230975,
        "Bayern": 39.1662629125,
        "Berlin": 34.9826719837,
        "Brandenburg": 33.1048541711,
        "Bremen": 38.6453651046,
        "Hamburg": 36.8702608684,
        "Hessen": 38.0973047417,
        "Mecklenburg-Vorpommern": 39.9709477669,
        "Niedersachsen": 39.0952120744,
        "Nordrhein-Westfalen": 40.2320392667,
        "Rheinland-Pfalz": 36.3285109589,
        "Saarland": 42.4472102682,
        "Sachsen": 32.9954461856,
        "Sachsen-Anhalt": 36.2673377128,
        "Schleswig-Holstein": 35.3935379935,
        "Th\u00fcringen": 34.7013984395,
        "ImpfzentrenBund": "-",
        "Total": 38.0080835468
    },
    "vaccinated_abs": {
        "Total": 31610073.0
    },
    "Timestamp": "2021-05-19T10:00:01.905675"
}