{
    "vaccinated_abs": {
        "Baden-W\u00fcrttemberg": 229463.0,
        "Bayern": 316844.0,
        "Berlin": 104812.0,
        "Brandenburg": 72991.0,
        "Bremen": 18921.0,
        "Hamburg": 48305.0,
        "Hessen": 115839.0,
        "Mecklenburg-Vorpommern": 45966.0,
        "Niedersachsen": 151742.0,
        "Nordrhein-Westfalen": 327280.0,
        "Rheinland-Pfalz": 134036.0,
        "Saarland": 21602.0,
        "Sachsen": 83610.0,
        "Sachsen-Anhalt": 48895.0,
        "Schleswig-Holstein": 82559.0,
        "Th\u00fcringen": 52063.0,
        "Total": 1854928.0
    },
    "inhabitants": {
        "Baden-W\u00fcrttemberg": 11100394,
        "Bayern": 13124737,
        "Berlin": 3669491,
        "Brandenburg": 2521893,
        "Bremen": 681202,
        "Hamburg": 1847253,
        "Hessen": 6288080,
        "Mecklenburg-Vorpommern": 1608138,
        "Niedersachsen": 7993608,
        "Nordrhein-Westfalen": 17947221,
        "Rheinland-Pfalz": 4093903,
        "Saarland": 986887,
        "Sachsen": 4071971,
        "Sachsen-Anhalt": 2194782,
        "Schleswig-Holstein": 2903773,
        "Th\u00fcringen": 2133378,
        "Total": 83166711
    },
    "vaccinated_rel": {
        "Baden-W\u00fcrttemberg": 2.0671608593,
        "Bayern": 2.4140978977,
        "Berlin": 2.856308954,
        "Brandenburg": 2.8942940878,
        "Bremen": 2.7775902009,
        "Hamburg": 2.6149639492,
        "Hessen": 1.8421998448,
        "Mecklenburg-Vorpommern": 2.8583367845,
        "Niedersachsen": 1.8982917351,
        "Nordrhein-Westfalen": 1.8235692311,
        "Rheinland-Pfalz": 3.274039468,
        "Saarland": 2.1889030862,
        "Sachsen": 2.0533053895,
        "Sachsen-Anhalt": 2.2277838984,
        "Schleswig-Holstein": 2.8431630158,
        "Th\u00fcringen": 2.4404020291,
        "Total": 2.2303731598
    },
    "Timestamp": "2021-02-24T16:00:07.595574"
}