{
    "vaccinated_abs": {
        "Baden-W\u00fcrttemberg": 113198.0,
        "Bayern": 202985.0,
        "Berlin": 55485.0,
        "Brandenburg": 30406.0,
        "Bremen": 9989.0,
        "Hamburg": 24286.0,
        "Hessen": 65486.0,
        "Mecklenburg-Vorpommern": 23505.0,
        "Niedersachsen": 89054.0,
        "Nordrhein-Westfalen": 199283.0,
        "Rheinland-Pfalz": 60598.0,
        "Saarland": 15166.0,
        "Sachsen": 45189.0,
        "Sachsen-Anhalt": 30512.0,
        "Schleswig-Holstein": 36069.0,
        "Th\u00fcringen": 23420.0,
        "Total": 1024631.0
    },
    "inhabitants": {
        "Baden-W\u00fcrttemberg": 11100394,
        "Bayern": 13124737,
        "Berlin": 3669491,
        "Brandenburg": 2521893,
        "Bremen": 681202,
        "Hamburg": 1847253,
        "Hessen": 6288080,
        "Mecklenburg-Vorpommern": 1608138,
        "Niedersachsen": 7993608,
        "Nordrhein-Westfalen": 17947221,
        "Rheinland-Pfalz": 4093903,
        "Saarland": 986887,
        "Sachsen": 4071971,
        "Sachsen-Anhalt": 2194782,
        "Schleswig-Holstein": 2903773,
        "Th\u00fcringen": 2133378,
        "Total": 83166711
    },
    "vaccinated_rel": {
        "Baden-W\u00fcrttemberg": 1.0197656047,
        "Bayern": 1.5465833715,
        "Berlin": 1.5120625722,
        "Brandenburg": 1.205681605,
        "Bremen": 1.4663785485,
        "Hamburg": 1.3147089218,
        "Hessen": 1.0414307706,
        "Mecklenburg-Vorpommern": 1.4616282931,
        "Niedersachsen": 1.114065138,
        "Nordrhein-Westfalen": 1.1103836076,
        "Rheinland-Pfalz": 1.4802011674,
        "Saarland": 1.5367514214,
        "Sachsen": 1.1097574123,
        "Sachsen-Anhalt": 1.3902064077,
        "Schleswig-Holstein": 1.2421425504,
        "Th\u00fcringen": 1.097789515,
        "Total": 1.2320205857
    },
    "Timestamp": "2021-02-09T18:00:07.793590"
}