{
    "vaccinated_rel": {
        "Baden-W\u00fcrttemberg": 8.5972353774,
        "Bayern": 8.5803243143,
        "Berlin": 10.7585765982,
        "Brandenburg": 9.3377474778,
        "Bremen": 11.7568650709,
        "Hamburg": 8.145283835,
        "Hessen": 8.3604852356,
        "Mecklenburg-Vorpommern": 8.4630174774,
        "Niedersachsen": 7.9397438553,
        "Nordrhein-Westfalen": 8.3844289876,
        "Rheinland-Pfalz": 10.7985948861,
        "Saarland": 9.5780975937,
        "Sachsen": 12.1553419708,
        "Sachsen-Anhalt": 8.8162286733,
        "Schleswig-Holstein": 10.6193562651,
        "Th\u00fcringen": 13.5040766334,
        "ImpfzentrenBund": "-",
        "Total": 9.1048785132
    },
    "vaccinated_abs": {
        "Total": 7572228.0
    },
    "Timestamp": "2021-05-09T00:00:02.597644"
}