{
    "vaccinated_abs": {
        "Baden-W\u00fcrttemberg": 473380,
        "Bayern": 629971,
        "Berlin": 171774,
        "Brandenburg": 90274,
        "Bremen": 31312,
        "Hamburg": 82939,
        "Hessen": 276002,
        "Mecklenburg-Vorpommern": 67810,
        "Niedersachsen": 347040,
        "Nordrhein-Westfalen": 718695,
        "Rheinland-Pfalz": 172534,
        "Saarland": 39021,
        "Sachsen": 204752,
        "Sachsen-Anhalt": 84603,
        "Schleswig-Holstein": 105170,
        "Th\u00fcringen": 108342,
        "Bund": 20,
        "Total": 3603639
    },
    "inhabitants": {
        "Baden-W\u00fcrttemberg": 11100394.0,
        "Bayern": 13124737.0,
        "Berlin": 3669491.0,
        "Brandenburg": 2521893.0,
        "Bremen": 681202.0,
        "Hamburg": 1847253.0,
        "Hessen": 6288080.0,
        "Mecklenburg-Vorpommern": 1608138.0,
        "Niedersachsen": 7993608.0,
        "Nordrhein-Westfalen": 17947221.0,
        "Rheinland-Pfalz": 4093903.0,
        "Saarland": 986887.0,
        "Sachsen": 4071971.0,
        "Sachsen-Anhalt": 2194782.0,
        "Schleswig-Holstein": 2903773.0,
        "Th\u00fcringen": 2133378.0,
        "Bund": null,
        "Total": 83166711.0
    },
    "vaccinated_rel": {
        "Baden-W\u00fcrttemberg": 4.264533313,
        "Bayern": 4.799875228,
        "Berlin": 4.6811397003,
        "Brandenburg": 3.5796126164,
        "Bremen": 4.5965807499,
        "Hamburg": 4.4898560186,
        "Hessen": 4.3892889403,
        "Mecklenburg-Vorpommern": 4.2166779219,
        "Niedersachsen": 4.3414688336,
        "Nordrhein-Westfalen": 4.0044918375,
        "Rheinland-Pfalz": 4.2144134827,
        "Saarland": 3.9539481217,
        "Sachsen": 5.028326577,
        "Sachsen-Anhalt": 3.8547336364,
        "Schleswig-Holstein": 3.6218395859,
        "Th\u00fcringen": 5.0784249205,
        "Bund": null,
        "Total": 4.3330305559
    },
    "Timestamp": "2021-03-25T10:00:08.166668"
}