{
    "vaccinated_abs": {
        "Baden-W\u00fcrttemberg": 1187818,
        "Bayern": 1469357,
        "Berlin": 415631,
        "Brandenburg": 296268,
        "Bremen": 84750,
        "Hamburg": 214835,
        "Hessen": 675790,
        "Mecklenburg-Vorpommern": 160837,
        "Niedersachsen": 846349,
        "Nordrhein-Westfalen": 1803565,
        "Rheinland-Pfalz": 478818,
        "Saarland": 124583,
        "Sachsen": 382309,
        "Sachsen-Anhalt": 235323,
        "Schleswig-Holstein": 355289,
        "Th\u00fcringen": 263443,
        "Bund": 6960,
        "Total": 9001925
    },
    "inhabitants": {
        "Baden-W\u00fcrttemberg": 11100394.0,
        "Bayern": 13124737.0,
        "Berlin": 3669491.0,
        "Brandenburg": 2521893.0,
        "Bremen": 681202.0,
        "Hamburg": 1847253.0,
        "Hessen": 6288080.0,
        "Mecklenburg-Vorpommern": 1608138.0,
        "Niedersachsen": 7993608.0,
        "Nordrhein-Westfalen": 17947221.0,
        "Rheinland-Pfalz": 4093903.0,
        "Saarland": 986887.0,
        "Sachsen": 4071971.0,
        "Sachsen-Anhalt": 2194782.0,
        "Schleswig-Holstein": 2903773.0,
        "Th\u00fcringen": 2133378.0,
        "Bund": null,
        "Total": 83166711.0
    },
    "vaccinated_rel": {
        "Baden-W\u00fcrttemberg": 10.700683237,
        "Bayern": 11.1953252854,
        "Berlin": 11.326666287,
        "Brandenburg": 11.7478417998,
        "Bremen": 12.4412435665,
        "Hamburg": 11.629971639,
        "Hessen": 10.7471597053,
        "Mecklenburg-Vorpommern": 10.0014426623,
        "Niedersachsen": 10.5878221699,
        "Nordrhein-Westfalen": 10.049271695,
        "Rheinland-Pfalz": 11.6958804349,
        "Saarland": 12.6238363663,
        "Sachsen": 9.388794763,
        "Sachsen-Anhalt": 10.7219304696,
        "Schleswig-Holstein": 12.2354261163,
        "Th\u00fcringen": 12.3486320755,
        "Bund": null,
        "Total": 10.8239521459
    },
    "Timestamp": "2021-03-29T18:00:07.730968"
}