{
    "vaccinated_rel": {
        "Baden-W\u00fcrttemberg": 39.9187362178,
        "Bayern": 41.044136732,
        "Berlin": 38.4288447635,
        "Brandenburg": 35.6957253936,
        "Bremen": 41.6205472092,
        "Hamburg": 38.7741689958,
        "Hessen": 40.8615666467,
        "Mecklenburg-Vorpommern": 41.9299214371,
        "Niedersachsen": 41.1823547014,
        "Nordrhein-Westfalen": 43.2253160531,
        "Rheinland-Pfalz": 39.0111343625,
        "Saarland": 44.4956717436,
        "Sachsen": 35.4306550808,
        "Sachsen-Anhalt": 38.4625899064,
        "Schleswig-Holstein": 39.3278675709,
        "Th\u00fcringen": 38.0533126338,
        "ImpfzentrenBund": "-",
        "Total": 40.6282605068
    },
    "vaccinated_abs": {
        "Total": 33789188.0
    },
    "Timestamp": "2021-05-27T00:00:02.586725"
}