{
    "vaccinated_abs": {
        "Baden-W\u00fcrttemberg": 73776.0,
        "Bayern": 135986.0,
        "Berlin": 33798.0,
        "Brandenburg": 15091.0,
        "Bremen": 6999.0,
        "Hamburg": 14273.0,
        "Hessen": 57475.0,
        "Mecklenburg-Vorpommern": 26926.0,
        "Niedersachsen": 54168.0,
        "Nordrhein-Westfalen": 124637.0,
        "Rheinland-Pfalz": 36466.0,
        "Saarland": 10130.0,
        "Sachsen": 23701.0,
        "Sachsen-Anhalt": 24413.0,
        "Schleswig-Holstein": 38426.0,
        "Th\u00fcringen": 12517.0,
        "Total": 688782.0
    },
    "inhabitants": {
        "Baden-W\u00fcrttemberg": 11100394,
        "Bayern": 13124737,
        "Berlin": 3669491,
        "Brandenburg": 2521893,
        "Bremen": 681202,
        "Hamburg": 1847253,
        "Hessen": 6288080,
        "Mecklenburg-Vorpommern": 1608138,
        "Niedersachsen": 7993608,
        "Nordrhein-Westfalen": 17947221,
        "Rheinland-Pfalz": 4093903,
        "Saarland": 986887,
        "Sachsen": 4071971,
        "Sachsen-Anhalt": 2194782,
        "Schleswig-Holstein": 2903773,
        "Th\u00fcringen": 2133378,
        "Total": 83166711
    },
    "vaccinated_rel": {
        "Baden-W\u00fcrttemberg": 0.6646250575,
        "Bayern": 1.0361045711,
        "Berlin": 0.9210541735,
        "Brandenburg": 0.5983996942,
        "Bremen": 1.0274485395,
        "Hamburg": 0.7726608104,
        "Hessen": 0.914030992,
        "Mecklenburg-Vorpommern": 1.6743587926,
        "Niedersachsen": 0.6776414355,
        "Nordrhein-Westfalen": 0.6944640622,
        "Rheinland-Pfalz": 0.8907392286,
        "Saarland": 1.0264599696,
        "Sachsen": 0.5820522789,
        "Sachsen-Anhalt": 1.1123200391,
        "Schleswig-Holstein": 1.3233128072,
        "Th\u00fcringen": 0.5867220905,
        "Total": 0.8281943481
    },
    "Timestamp": "2021-01-12T14:00:04.282601"
}