{
    "vaccinated_abs": {
        "Baden-W\u00fcrttemberg": 328058.0,
        "Bayern": 450982.0,
        "Berlin": 127951.0,
        "Brandenburg": 81579.0,
        "Bremen": 24004.0,
        "Hamburg": 63800.0,
        "Hessen": 185003.0,
        "Mecklenburg-Vorpommern": 62198.0,
        "Niedersachsen": 207117.0,
        "Nordrhein-Westfalen": 551549.0,
        "Rheinland-Pfalz": 149368.0,
        "Saarland": 31392.0,
        "Sachsen": 123971.0,
        "Sachsen-Anhalt": 66644.0,
        "Schleswig-Holstein": 103611.0,
        "Th\u00fcringen": 78446.0,
        "Total": 2635673.0
    },
    "inhabitants": {
        "Baden-W\u00fcrttemberg": 11100394,
        "Bayern": 13124737,
        "Berlin": 3669491,
        "Brandenburg": 2521893,
        "Bremen": 681202,
        "Hamburg": 1847253,
        "Hessen": 6288080,
        "Mecklenburg-Vorpommern": 1608138,
        "Niedersachsen": 7993608,
        "Nordrhein-Westfalen": 17947221,
        "Rheinland-Pfalz": 4093903,
        "Saarland": 986887,
        "Sachsen": 4071971,
        "Sachsen-Anhalt": 2194782,
        "Schleswig-Holstein": 2903773,
        "Th\u00fcringen": 2133378,
        "Total": 83166711
    },
    "vaccinated_rel": {
        "Baden-W\u00fcrttemberg": 2.9553725751,
        "Bayern": 3.4361221867,
        "Berlin": 3.4868868734,
        "Brandenburg": 3.2348319298,
        "Bremen": 3.5237712162,
        "Hamburg": 3.4537770408,
        "Hessen": 2.9421222376,
        "Mecklenburg-Vorpommern": 3.8677028961,
        "Niedersachsen": 2.5910327352,
        "Nordrhein-Westfalen": 3.0731721641,
        "Rheinland-Pfalz": 3.6485476085,
        "Saarland": 3.1809112897,
        "Sachsen": 3.044496142,
        "Sachsen-Anhalt": 3.0364746932,
        "Schleswig-Holstein": 3.5681508162,
        "Th\u00fcringen": 3.6770792612,
        "Total": 3.1691442024
    },
    "Timestamp": "2021-02-15T06:00:07.153416"
}