{
    "Timestamp": "2020-12-30T15:27:00.444574",
    "inhabitants": {
        "Baden-W\u00fcrttemberg": 11100394,
        "Bayern": 13124737,
        "Berlin": 3669491,
        "Brandenburg": 2521893,
        "Bremen": 681202,
        "Hamburg": 1847253,
        "Hessen": 6288080,
        "Mecklenburg-Vorpommern": 1608138,
        "Niedersachsen": 7993608,
        "Nordrhein-Westfalen": 17947221,
        "Rheinland-Pfalz": 4093903,
        "Saarland": 986887,
        "Sachsen": 4071971,
        "Sachsen-Anhalt": 2194782,
        "Schleswig-Holstein": 2903773,
        "Th\u00fcringen": 2133378,
        "Total": 83166711
    },
    "vaccinated_abs": {
        "Baden-W\u00fcrttemberg": 8242,
        "Bayern": 12935,
        "Berlin": 6296,
        "Brandenburg": 1553,
        "Bremen": 1059,
        "Hamburg": 1499,
        "Hessen": 9448,
        "Mecklenburg-Vorpommern": 7338,
        "Niedersachsen": 1527,
        "Nordrhein-Westfalen": 11385,
        "Rheinland-Pfalz": 2284,
        "Saarland": 1518,
        "Sachsen": 1487,
        "Sachsen-Anhalt": 7287,
        "Schleswig-Holstein": 3579,
        "Th\u00fcringen": 672,
        "Total": 78109
    },
    "vaccinated_rel": {
        "Baden-W\u00fcrttemberg": 0.0742496167,
        "Bayern": 0.0985543558,
        "Berlin": 0.1715769299,
        "Brandenburg": 0.0615807253,
        "Bremen": 0.1554604948,
        "Hamburg": 0.0811475201,
        "Hessen": 0.1502525413,
        "Mecklenburg-Vorpommern": 0.4563041232,
        "Niedersachsen": 0.0191027631,
        "Nordrhein-Westfalen": 0.0634360049,
        "Rheinland-Pfalz": 0.0557902813,
        "Saarland": 0.1538170024,
        "Sachsen": 0.0365179418,
        "Sachsen-Anhalt": 0.3320147514,
        "Schleswig-Holstein": 0.1232534361,
        "Th\u00fcringen": 0.0314993405,
        "Total": 0.0939185872
    }
}
