{
    "vaccinated_abs": {
        "Baden-W\u00fcrttemberg": 131512.0,
        "Bayern": 218749.0,
        "Berlin": 63049.0,
        "Brandenburg": 47849.0,
        "Bremen": 12192.0,
        "Hamburg": 30613.0,
        "Hessen": 76339.0,
        "Mecklenburg-Vorpommern": 31643.0,
        "Niedersachsen": 103821.0,
        "Nordrhein-Westfalen": 269472.0,
        "Rheinland-Pfalz": 84506.0,
        "Saarland": 15709.0,
        "Sachsen": 54566.0,
        "Sachsen-Anhalt": 35312.0,
        "Schleswig-Holstein": 46615.0,
        "Th\u00fcringen": 31359.0,
        "Total": 1253306.0
    },
    "inhabitants": {
        "Baden-W\u00fcrttemberg": 11100394,
        "Bayern": 13124737,
        "Berlin": 3669491,
        "Brandenburg": 2521893,
        "Bremen": 681202,
        "Hamburg": 1847253,
        "Hessen": 6288080,
        "Mecklenburg-Vorpommern": 1608138,
        "Niedersachsen": 7993608,
        "Nordrhein-Westfalen": 17947221,
        "Rheinland-Pfalz": 4093903,
        "Saarland": 986887,
        "Sachsen": 4071971,
        "Sachsen-Anhalt": 2194782,
        "Schleswig-Holstein": 2903773,
        "Th\u00fcringen": 2133378,
        "Total": 83166711
    },
    "vaccinated_rel": {
        "Baden-W\u00fcrttemberg": 1.1847507395,
        "Bayern": 1.666692445,
        "Berlin": 1.7181947033,
        "Brandenburg": 1.8973445741,
        "Bremen": 1.7897774816,
        "Hamburg": 1.6572175008,
        "Hessen": 1.2140271752,
        "Mecklenburg-Vorpommern": 1.9676793907,
        "Niedersachsen": 1.2988002414,
        "Nordrhein-Westfalen": 1.5014692247,
        "Rheinland-Pfalz": 2.0641915551,
        "Saarland": 1.5917729183,
        "Sachsen": 1.340039013,
        "Sachsen-Anhalt": 1.6089069438,
        "Schleswig-Holstein": 1.6053252096,
        "Th\u00fcringen": 1.4699223485,
        "Total": 1.506980359
    },
    "Timestamp": "2021-02-13T02:00:08.975929"
}