{
    "vaccinated_abs": {
        "Baden-W\u00fcrttemberg": 17086,
        "Bayern": 37955,
        "Berlin": 11114,
        "Brandenburg": 3219,
        "Bremen": 1741,
        "Hamburg": 2759,
        "Hessen": 21373,
        "Mecklenburg-Vorpommern": 11494,
        "Niedersachsen": 3566,
        "Nordrhein-Westfalen": 24924,
        "Rheinland-Pfalz": 5112,
        "Saarland": 2716,
        "Sachsen": 3290,
        "Sachsen-Anhalt": 11146,
        "Schleswig-Holstein": 7270,
        "Th\u00fcringen": 810,
        "Total": 165575
    },
    "inhabitants": {
        "Baden-W\u00fcrttemberg": 11100394,
        "Bayern": 13124737,
        "Berlin": 3669491,
        "Brandenburg": 2521893,
        "Bremen": 681202,
        "Hamburg": 1847253,
        "Hessen": 6288080,
        "Mecklenburg-Vorpommern": 1608138,
        "Niedersachsen": 7993608,
        "Nordrhein-Westfalen": 17947221,
        "Rheinland-Pfalz": 4093903,
        "Saarland": 986887,
        "Sachsen": 4071971,
        "Sachsen-Anhalt": 2194782,
        "Schleswig-Holstein": 2903773,
        "Th\u00fcringen": 2133378,
        "Total": 83166711
    },
    "vaccinated_rel": {
        "Baden-W\u00fcrttemberg": 0.1539224644,
        "Bayern": 0.2891867471,
        "Berlin": 0.3028757939,
        "Brandenburg": 0.1276422116,
        "Bremen": 0.2555776407,
        "Hamburg": 0.14935691,
        "Hessen": 0.3398970751,
        "Mecklenburg-Vorpommern": 0.7147396554,
        "Niedersachsen": 0.0446106439,
        "Nordrhein-Westfalen": 0.138873868,
        "Rheinland-Pfalz": 0.1248686156,
        "Saarland": 0.2752088132,
        "Sachsen": 0.0807962532,
        "Sachsen-Anhalt": 0.5078408698,
        "Schleswig-Holstein": 0.2503639231,
        "Th\u00fcringen": 0.037967955,
        "Total": 0.1990880702
    },
    "Timestamp": "2021-01-02T10:00:04.410918"
}