{
    "vaccinated_rel": {
        "Baden-W\u00fcrttemberg": 30.0051691859,
        "Bayern": 31.1161663658,
        "Berlin": 27.9056141574,
        "Brandenburg": 27.1995679436,
        "Bremen": 31.42856304,
        "Hamburg": 30.5242974298,
        "Hessen": 29.8676861618,
        "Mecklenburg-Vorpommern": 32.72884541,
        "Niedersachsen": 31.4149380355,
        "Nordrhein-Westfalen": 32.1977480525,
        "Rheinland-Pfalz": 29.795918467,
        "Saarland": 34.3360486054,
        "Sachsen": 27.5063108259,
        "Sachsen-Anhalt": 30.6251372574,
        "Schleswig-Holstein": 28.8603826814,
        "Th\u00fcringen": 28.1905035113,
        "ImpfzentrenBund": "-",
        "Total": 30.6030053299
    },
    "vaccinated_abs": {
        "Total": 25451513.0
    },
    "Timestamp": "2021-05-07T00:00:01.990424"
}