{
    "vaccinated_abs": {
        "Baden-W\u00fcrttemberg": 1243458,
        "Bayern": 1528049,
        "Berlin": 433456,
        "Brandenburg": 319404,
        "Bremen": 89398,
        "Hamburg": 209069,
        "Hessen": 703344,
        "Mecklenburg-Vorpommern": 165242,
        "Niedersachsen": 898368,
        "Nordrhein-Westfalen": 1915290,
        "Rheinland-Pfalz": 485363,
        "Saarland": 129114,
        "Sachsen": 399646,
        "Sachsen-Anhalt": 251815,
        "Schleswig-Holstein": 375757,
        "Th\u00fcringen": 274929,
        "Bund": 6960,
        "Total": 9428662
    },
    "inhabitants": {
        "Baden-W\u00fcrttemberg": 11100394.0,
        "Bayern": 13124737.0,
        "Berlin": 3669491.0,
        "Brandenburg": 2521893.0,
        "Bremen": 681202.0,
        "Hamburg": 1847253.0,
        "Hessen": 6288080.0,
        "Mecklenburg-Vorpommern": 1608138.0,
        "Niedersachsen": 7993608.0,
        "Nordrhein-Westfalen": 17947221.0,
        "Rheinland-Pfalz": 4093903.0,
        "Saarland": 986887.0,
        "Sachsen": 4071971.0,
        "Sachsen-Anhalt": 2194782.0,
        "Schleswig-Holstein": 2903773.0,
        "Th\u00fcringen": 2133378.0,
        "Bund": null,
        "Total": 83166711.0
    },
    "vaccinated_rel": {
        "Baden-W\u00fcrttemberg": 11.2019267064,
        "Bayern": 11.642511389,
        "Berlin": 11.8124284812,
        "Brandenburg": 12.6652478912,
        "Bremen": 13.1235668715,
        "Hamburg": 11.3178324788,
        "Hessen": 11.1853538759,
        "Mecklenburg-Vorpommern": 10.2753619403,
        "Niedersachsen": 11.2385796251,
        "Nordrhein-Westfalen": 10.6717914712,
        "Rheinland-Pfalz": 11.8557523224,
        "Saarland": 13.0829568127,
        "Sachsen": 9.8145590919,
        "Sachsen-Anhalt": 11.4733490615,
        "Schleswig-Holstein": 12.9403021517,
        "Th\u00fcringen": 12.8870270529,
        "Bund": null,
        "Total": 11.3370624937
    },
    "Timestamp": "2021-04-01T04:00:04.793372"
}