{
    "vaccinated_rel": {
        "Baden-W\u00fcrttemberg": 40.615720487,
        "Bayern": 41.4256377099,
        "Berlin": 39.137035627,
        "Brandenburg": 36.3230715974,
        "Bremen": 42.3872801313,
        "Hamburg": 39.5158107742,
        "Hessen": 41.4578694928,
        "Mecklenburg-Vorpommern": 42.4307491024,
        "Niedersachsen": 41.7074742719,
        "Nordrhein-Westfalen": 43.9477844509,
        "Rheinland-Pfalz": 39.6617115745,
        "Saarland": 45.0328153071,
        "Sachsen": 35.9339003151,
        "Sachsen-Anhalt": 39.0553139218,
        "Schleswig-Holstein": 40.2397501458,
        "Th\u00fcringen": 38.7597509677,
        "ImpfzentrenBund": "-",
        "Total": 41.2487347251
    },
    "vaccinated_abs": {
        "Total": 34305216.0
    },
    "Timestamp": "2021-05-27T13:00:02.020032"
}