{
    "vaccinated_abs": {
        "Baden-W\u00fcrttemberg": 188592.0,
        "Bayern": 280447.0,
        "Berlin": 86809.0,
        "Brandenburg": 66800.0,
        "Bremen": 16821.0,
        "Hamburg": 40337.0,
        "Hessen": 99800.0,
        "Mecklenburg-Vorpommern": 41195.0,
        "Niedersachsen": 136360.0,
        "Nordrhein-Westfalen": 309235.0,
        "Rheinland-Pfalz": 120092.0,
        "Saarland": 19152.0,
        "Sachsen": 71402.0,
        "Sachsen-Anhalt": 43921.0,
        "Schleswig-Holstein": 69070.0,
        "Th\u00fcringen": 44753.0,
        "Total": 1634786.0
    },
    "inhabitants": {
        "Baden-W\u00fcrttemberg": 11100394,
        "Bayern": 13124737,
        "Berlin": 3669491,
        "Brandenburg": 2521893,
        "Bremen": 681202,
        "Hamburg": 1847253,
        "Hessen": 6288080,
        "Mecklenburg-Vorpommern": 1608138,
        "Niedersachsen": 7993608,
        "Nordrhein-Westfalen": 17947221,
        "Rheinland-Pfalz": 4093903,
        "Saarland": 986887,
        "Sachsen": 4071971,
        "Sachsen-Anhalt": 2194782,
        "Schleswig-Holstein": 2903773,
        "Th\u00fcringen": 2133378,
        "Total": 83166711
    },
    "vaccinated_rel": {
        "Baden-W\u00fcrttemberg": 1.6989667214,
        "Bayern": 2.1367818647,
        "Berlin": 2.3656959507,
        "Brandenburg": 2.6488038945,
        "Bremen": 2.4693115992,
        "Hamburg": 2.1836207601,
        "Hessen": 1.5871299347,
        "Mecklenburg-Vorpommern": 2.5616582656,
        "Niedersachsen": 1.7058629845,
        "Nordrhein-Westfalen": 1.723024417,
        "Rheinland-Pfalz": 2.9334354038,
        "Saarland": 1.9406477135,
        "Sachsen": 1.7534997179,
        "Sachsen-Anhalt": 2.0011554678,
        "Schleswig-Holstein": 2.378629459,
        "Th\u00fcringen": 2.0977529533,
        "Total": 1.9656735013
    },
    "Timestamp": "2021-02-20T07:00:08.049453"
}