{
    "vaccinated_rel": {
        "Baden-W\u00fcrttemberg": 29.0273029948,
        "Bayern": 30.0204948869,
        "Berlin": 26.9928717634,
        "Brandenburg": 26.3903742149,
        "Bremen": 30.4982956597,
        "Hamburg": 29.6917639327,
        "Hessen": 28.5238737421,
        "Mecklenburg-Vorpommern": 31.5841053442,
        "Niedersachsen": 30.0516362574,
        "Nordrhein-Westfalen": 31.009569671,
        "Rheinland-Pfalz": 28.783583783,
        "Saarland": 33.0822069801,
        "Sachsen": 26.6965064339,
        "Sachsen-Anhalt": 29.6252201813,
        "Schleswig-Holstein": 27.7504129972,
        "Th\u00fcringen": 27.3683800995,
        "ImpfzentrenBund": "-",
        "Total": 29.5035449941
    },
    "vaccinated_abs": {
        "Total": 24537128.0
    },
    "Timestamp": "2021-05-06T07:00:02.822443"
}