{
    "vaccinated_rel": {
        "Baden-W\u00fcrttemberg": 19.1572389232,
        "Bayern": 19.5821219122,
        "Berlin": 18.9954138053,
        "Brandenburg": 19.7839083577,
        "Bremen": 23.0275307471,
        "Hamburg": 18.9517624278,
        "Hessen": 17.5278940471,
        "Mecklenburg-Vorpommern": 19.9755866723,
        "Niedersachsen": 17.7767786461,
        "Nordrhein-Westfalen": 19.7306758523,
        "Rheinland-Pfalz": 20.812730541,
        "Saarland": 23.2567659722,
        "Sachsen": 22.4112106889,
        "Sachsen-Anhalt": 19.2619585909,
        "Schleswig-Holstein": 21.459563127,
        "Th\u00fcringen": 20.8093455543,
        "ImpfzentrenBund": "-",
        "Total": 19.6210416449
    },
    "vaccinated_abs": {
        "Total": 16318175.0
    },
    "Timestamp": "2021-06-03T21:00:03.267759"
}