{
    "vaccinated_abs": {
        "Baden-W\u00fcrttemberg": 238397.0,
        "Bayern": 331825.0,
        "Berlin": 100283.0,
        "Brandenburg": 75399.0,
        "Bremen": 19764.0,
        "Hamburg": 47605.0,
        "Hessen": 135211.0,
        "Mecklenburg-Vorpommern": 57239.0,
        "Niedersachsen": 155283.0,
        "Nordrhein-Westfalen": 363713.0,
        "Rheinland-Pfalz": 142618.0,
        "Saarland": 22252.0,
        "Sachsen": 92418.0,
        "Sachsen-Anhalt": 51791.0,
        "Schleswig-Holstein": 91476.0,
        "Th\u00fcringen": 54937.0,
        "Total": 1980211.0
    },
    "inhabitants": {
        "Baden-W\u00fcrttemberg": 11100394,
        "Bayern": 13124737,
        "Berlin": 3669491,
        "Brandenburg": 2521893,
        "Bremen": 681202,
        "Hamburg": 1847253,
        "Hessen": 6288080,
        "Mecklenburg-Vorpommern": 1608138,
        "Niedersachsen": 7993608,
        "Nordrhein-Westfalen": 17947221,
        "Rheinland-Pfalz": 4093903,
        "Saarland": 986887,
        "Sachsen": 4071971,
        "Sachsen-Anhalt": 2194782,
        "Schleswig-Holstein": 2903773,
        "Th\u00fcringen": 2133378,
        "Total": 83166711
    },
    "vaccinated_rel": {
        "Baden-W\u00fcrttemberg": 2.147644489,
        "Bayern": 2.5282411373,
        "Berlin": 2.7328858417,
        "Brandenburg": 2.9897779168,
        "Bremen": 2.9013420395,
        "Hamburg": 2.5770698437,
        "Hessen": 2.1502748057,
        "Mecklenburg-Vorpommern": 3.5593338383,
        "Niedersachsen": 1.9425896291,
        "Nordrhein-Westfalen": 2.0265700188,
        "Rheinland-Pfalz": 3.4836682745,
        "Saarland": 2.2547667565,
        "Sachsen": 2.2696134133,
        "Sachsen-Anhalt": 2.3597332218,
        "Schleswig-Holstein": 3.1502462486,
        "Th\u00fcringen": 2.5751179585,
        "Total": 2.3810139612
    },
    "Timestamp": "2021-02-02T15:00:11.160480"
}