{
    "vaccinated_rel": {
        "Baden-W\u00fcrttemberg": 14.165253954,
        "Bayern": 14.1424167204,
        "Berlin": 15.3609587815,
        "Brandenburg": 14.7490793622,
        "Bremen": 18.1339749443,
        "Hamburg": 14.1988130483,
        "Hessen": 12.725840002,
        "Mecklenburg-Vorpommern": 13.5255805161,
        "Niedersachsen": 12.6339195017,
        "Nordrhein-Westfalen": 13.2669063361,
        "Rheinland-Pfalz": 15.643726781,
        "Saarland": 16.4912497581,
        "Sachsen": 18.2270698883,
        "Sachsen-Anhalt": 13.6844114814,
        "Schleswig-Holstein": 17.0980996104,
        "Th\u00fcringen": 17.2843256094,
        "ImpfzentrenBund": "-",
        "Total": 14.3044877655
    },
    "vaccinated_abs": {
        "Total": 11896572.0
    },
    "Timestamp": "2021-05-25T14:00:03.689447"
}