{
    "vaccinated_rel": {
        "Baden-W\u00fcrttemberg": 28.2396913119,
        "Bayern": 29.1841581283,
        "Berlin": 26.2867520318,
        "Brandenburg": 25.7987551415,
        "Bremen": 29.7559314271,
        "Hamburg": 28.9713428534,
        "Hessen": 27.614200201,
        "Mecklenburg-Vorpommern": 30.6849909647,
        "Niedersachsen": 29.0613950546,
        "Nordrhein-Westfalen": 30.1444050864,
        "Rheinland-Pfalz": 28.0730393466,
        "Saarland": 31.9866408211,
        "Sachsen": 26.0883243029,
        "Sachsen-Anhalt": 28.7520127284,
        "Schleswig-Holstein": 27.0302120724,
        "Th\u00fcringen": 26.6490982845,
        "ImpfzentrenBund": "-",
        "Total": 28.680256455
    },
    "vaccinated_abs": {
        "Total": 23852426.0
    },
    "Timestamp": "2021-05-04T19:00:02.396235"
}