{
    "vaccinated_abs": {
        "Baden-W\u00fcrttemberg": 532790,
        "Bayern": 697632,
        "Berlin": 202090,
        "Brandenburg": 97253,
        "Bremen": 35162,
        "Hamburg": 89410,
        "Hessen": 322091,
        "Mecklenburg-Vorpommern": 72748,
        "Niedersachsen": 399685,
        "Nordrhein-Westfalen": 816096,
        "Rheinland-Pfalz": 177288,
        "Saarland": 45092,
        "Sachsen": 242041,
        "Sachsen-Anhalt": 95611,
        "Schleswig-Holstein": 114607,
        "Th\u00fcringen": 119873,
        "Bund": 20,
        "Total": 4059489
    },
    "inhabitants": {
        "Baden-W\u00fcrttemberg": 11100394.0,
        "Bayern": 13124737.0,
        "Berlin": 3669491.0,
        "Brandenburg": 2521893.0,
        "Bremen": 681202.0,
        "Hamburg": 1847253.0,
        "Hessen": 6288080.0,
        "Mecklenburg-Vorpommern": 1608138.0,
        "Niedersachsen": 7993608.0,
        "Nordrhein-Westfalen": 17947221.0,
        "Rheinland-Pfalz": 4093903.0,
        "Saarland": 986887.0,
        "Sachsen": 4071971.0,
        "Sachsen-Anhalt": 2194782.0,
        "Schleswig-Holstein": 2903773.0,
        "Th\u00fcringen": 2133378.0,
        "Bund": null,
        "Total": 83166711.0
    },
    "vaccinated_rel": {
        "Baden-W\u00fcrttemberg": 4.7997395408,
        "Bayern": 5.315397939,
        "Berlin": 5.507303329,
        "Brandenburg": 3.856349179,
        "Bremen": 5.1617581863,
        "Hamburg": 4.8401599564,
        "Hessen": 5.1222471724,
        "Mecklenburg-Vorpommern": 4.5237411217,
        "Niedersachsen": 5.000057546,
        "Nordrhein-Westfalen": 4.5471998144,
        "Rheinland-Pfalz": 4.3305373869,
        "Saarland": 4.5691148024,
        "Sachsen": 5.9440747491,
        "Sachsen-Anhalt": 4.3562868658,
        "Schleswig-Holstein": 3.9468305546,
        "Th\u00fcringen": 5.6189292287,
        "Bund": null,
        "Total": 4.8811464962
    },
    "Timestamp": "2021-03-31T15:00:07.853177"
}