{
    "vaccinated_rel": {
        "Baden-W\u00fcrttemberg": 36.2876218628,
        "Bayern": 38.0248990894,
        "Berlin": 33.7753110718,
        "Brandenburg": 32.2228976408,
        "Bremen": 37.8127192815,
        "Hamburg": 36.0179683021,
        "Hessen": 37.0265327413,
        "Mecklenburg-Vorpommern": 38.951507893,
        "Niedersachsen": 38.1525714046,
        "Nordrhein-Westfalen": 39.0916287263,
        "Rheinland-Pfalz": 35.2685200407,
        "Saarland": 41.4400027561,
        "Sachsen": 31.9783466041,
        "Sachsen-Anhalt": 35.3700732009,
        "Schleswig-Holstein": 34.511099869,
        "Th\u00fcringen": 33.7199971126,
        "ImpfzentrenBund": "-",
        "Total": 36.9657903148
    },
    "vaccinated_abs": {
        "Total": 30743232.0
    },
    "Timestamp": "2021-05-18T12:00:02.378651"
}