{
    "vaccinated_rel": {
        "Baden-W\u00fcrttemberg": 6.4275736519,
        "Bayern": 6.7122868824,
        "Berlin": 7.7676713201,
        "Brandenburg": 6.379096972,
        "Bremen": 6.8669792514,
        "Hamburg": 5.8017499498,
        "Hessen": 7.0160366916,
        "Mecklenburg-Vorpommern": 6.2079871255,
        "Niedersachsen": 6.2673826387,
        "Nordrhein-Westfalen": 6.2946736991,
        "Rheinland-Pfalz": 5.8599825155,
        "Saarland": 7.1033461784,
        "Sachsen": 7.218076946,
        "Sachsen-Anhalt": 5.6791517335,
        "Schleswig-Holstein": 5.5908640242,
        "Th\u00fcringen": 7.9210060289,
        "ImpfzentrenBund": "-",
        "Total": 6.5242329951
    },
    "vaccinated_abs": {
        "Total": 5425990.0
    },
    "Timestamp": "2021-04-17T16:00:04.193669"
}