{
    "vaccinated_abs": {
        "Baden-W\u00fcrttemberg": 708117,
        "Bayern": 923782,
        "Berlin": 236782,
        "Brandenburg": 135313,
        "Bremen": 49968,
        "Hamburg": 125553,
        "Hessen": 395927,
        "Mecklenburg-Vorpommern": 95374,
        "Niedersachsen": 483055,
        "Nordrhein-Westfalen": 1111751,
        "Rheinland-Pfalz": 278497,
        "Saarland": 72631,
        "Sachsen": 274581,
        "Sachsen-Anhalt": 128040,
        "Schleswig-Holstein": 186255,
        "Th\u00fcringen": 144782,
        "Bund": "-",
        "Total": 5350408
    },
    "inhabitants": {
        "Baden-W\u00fcrttemberg": 11100394.0,
        "Bayern": 13124737.0,
        "Berlin": 3669491.0,
        "Brandenburg": 2521893.0,
        "Bremen": 681202.0,
        "Hamburg": 1847253.0,
        "Hessen": 6288080.0,
        "Mecklenburg-Vorpommern": 1608138.0,
        "Niedersachsen": 7993608.0,
        "Nordrhein-Westfalen": 17947221.0,
        "Rheinland-Pfalz": 4093903.0,
        "Saarland": 986887.0,
        "Sachsen": 4071971.0,
        "Sachsen-Anhalt": 2194782.0,
        "Schleswig-Holstein": 2903773.0,
        "Th\u00fcringen": 2133378.0,
        "Bund": null,
        "Total": 83166711.0
    },
    "vaccinated_rel": {
        "Baden-W\u00fcrttemberg": 6.3792059994,
        "Bayern": 7.0384800854,
        "Berlin": 6.4527205544,
        "Brandenburg": 5.3655329548,
        "Bremen": 7.3352691272,
        "Hamburg": 6.7967408904,
        "Hessen": 6.2964688744,
        "Mecklenburg-Vorpommern": 5.9307099266,
        "Niedersachsen": 6.0430158697,
        "Nordrhein-Westfalen": 6.1945579207,
        "Rheinland-Pfalz": 6.8027259073,
        "Saarland": 7.3596065203,
        "Sachsen": 6.7431963538,
        "Sachsen-Anhalt": 5.8338368002,
        "Schleswig-Holstein": 6.4142410581,
        "Th\u00fcringen": 6.7865141574,
        "Bund": null,
        "Total": 6.4333528832
    },
    "Timestamp": "2021-03-10T07:00:05.009008"
}