{
    "vaccinated_rel": {
        "Baden-W\u00fcrttemberg": 30.8036633655,
        "Bayern": 32.0839571871,
        "Berlin": 28.6826156543,
        "Brandenburg": 27.991790294,
        "Bremen": 32.302019078,
        "Hamburg": 31.3358808999,
        "Hessen": 30.8487010343,
        "Mecklenburg-Vorpommern": 33.858785751,
        "Niedersachsen": 32.494350486,
        "Nordrhein-Westfalen": 33.1549881734,
        "Rheinland-Pfalz": 30.5428096367,
        "Saarland": 35.3893606867,
        "Sachsen": 28.1546700603,
        "Sachsen-Anhalt": 31.5263657165,
        "Schleswig-Holstein": 29.6462223459,
        "Th\u00fcringen": 28.956846841,
        "ImpfzentrenBund": "-",
        "Total": 31.5094064499
    },
    "vaccinated_abs": {
        "Total": 26205337.0
    },
    "Timestamp": "2021-05-07T09:00:01.786042"
}