{
    "vaccinated_abs": {
        "Baden-W\u00fcrttemberg": 245408.0,
        "Bayern": 335390.0,
        "Berlin": 110142.0,
        "Brandenburg": 74118.0,
        "Bremen": 19497.0,
        "Hamburg": 50952.0,
        "Hessen": 123457.0,
        "Mecklenburg-Vorpommern": 47679.0,
        "Niedersachsen": 160413.0,
        "Nordrhein-Westfalen": 363431.0,
        "Rheinland-Pfalz": 136619.0,
        "Saarland": 22407.0,
        "Sachsen": 87935.0,
        "Sachsen-Anhalt": 51316.0,
        "Schleswig-Holstein": 86697.0,
        "Th\u00fcringen": 55582.0,
        "Total": 1971043.0
    },
    "inhabitants": {
        "Baden-W\u00fcrttemberg": 11100394,
        "Bayern": 13124737,
        "Berlin": 3669491,
        "Brandenburg": 2521893,
        "Bremen": 681202,
        "Hamburg": 1847253,
        "Hessen": 6288080,
        "Mecklenburg-Vorpommern": 1608138,
        "Niedersachsen": 7993608,
        "Nordrhein-Westfalen": 17947221,
        "Rheinland-Pfalz": 4093903,
        "Saarland": 986887,
        "Sachsen": 4071971,
        "Sachsen-Anhalt": 2194782,
        "Schleswig-Holstein": 2903773,
        "Th\u00fcringen": 2133378,
        "Total": 83166711
    },
    "vaccinated_rel": {
        "Baden-W\u00fcrttemberg": 2.2108044093,
        "Bayern": 2.5554035864,
        "Berlin": 3.0015607069,
        "Brandenburg": 2.9389827403,
        "Bremen": 2.8621466173,
        "Hamburg": 2.7582578023,
        "Hessen": 1.9633497029,
        "Mecklenburg-Vorpommern": 2.9648574936,
        "Niedersachsen": 2.006765906,
        "Nordrhein-Westfalen": 2.0249987449,
        "Rheinland-Pfalz": 3.3371332931,
        "Saarland": 2.2704727086,
        "Sachsen": 2.159519309,
        "Sachsen-Anhalt": 2.3380909812,
        "Schleswig-Holstein": 2.9856672681,
        "Th\u00fcringen": 2.6053517004,
        "Total": 2.3699903198
    },
    "Timestamp": "2021-02-27T05:00:07.482583"
}