{
    "vaccinated_abs": {
        "Baden-W\u00fcrttemberg": 385762,
        "Bayern": 505143,
        "Berlin": 142273,
        "Brandenburg": 80520,
        "Bremen": 25581,
        "Hamburg": 70301,
        "Hessen": 208875,
        "Mecklenburg-Vorpommern": 57483,
        "Niedersachsen": 252829,
        "Nordrhein-Westfalen": 593624,
        "Rheinland-Pfalz": 143971,
        "Saarland": 32772,
        "Sachsen": 140658,
        "Sachsen-Anhalt": 68422,
        "Schleswig-Holstein": 99047,
        "Th\u00fcringen": 84690,
        "Bund": "-",
        "Total": 2891951
    },
    "inhabitants": {
        "Baden-W\u00fcrttemberg": 11100394.0,
        "Bayern": 13124737.0,
        "Berlin": 3669491.0,
        "Brandenburg": 2521893.0,
        "Bremen": 681202.0,
        "Hamburg": 1847253.0,
        "Hessen": 6288080.0,
        "Mecklenburg-Vorpommern": 1608138.0,
        "Niedersachsen": 7993608.0,
        "Nordrhein-Westfalen": 17947221.0,
        "Rheinland-Pfalz": 4093903.0,
        "Saarland": 986887.0,
        "Sachsen": 4071971.0,
        "Sachsen-Anhalt": 2194782.0,
        "Schleswig-Holstein": 2903773.0,
        "Th\u00fcringen": 2133378.0,
        "Bund": null,
        "Total": 83166711.0
    },
    "vaccinated_rel": {
        "Baden-W\u00fcrttemberg": 3.475209979,
        "Bayern": 3.8487856938,
        "Berlin": 3.8771862365,
        "Brandenburg": 3.1928396645,
        "Bremen": 3.7552737661,
        "Hamburg": 3.8057050117,
        "Hessen": 3.3217611735,
        "Mecklenburg-Vorpommern": 3.5745066655,
        "Niedersachsen": 3.1628896488,
        "Nordrhein-Westfalen": 3.3076095736,
        "Rheinland-Pfalz": 3.516717421,
        "Saarland": 3.3207449282,
        "Sachsen": 3.4542976853,
        "Sachsen-Anhalt": 3.1174850167,
        "Schleswig-Holstein": 3.4109759957,
        "Th\u00fcringen": 3.9697606331,
        "Bund": null,
        "Total": 3.477293938
    },
    "Timestamp": "2021-03-16T03:00:08.976477"
}