{
    "vaccinated_abs": {
        "Baden-W\u00fcrttemberg": 596626,
        "Bayern": 807125,
        "Berlin": 241500,
        "Brandenburg": 112420,
        "Bremen": 39419,
        "Hamburg": 101059,
        "Hessen": 379060,
        "Mecklenburg-Vorpommern": 81997,
        "Niedersachsen": 437802,
        "Nordrhein-Westfalen": 943776,
        "Rheinland-Pfalz": 194446,
        "Saarland": 55404,
        "Sachsen": 275836,
        "Sachsen-Anhalt": 106468,
        "Schleswig-Holstein": 128037,
        "Th\u00fcringen": 132864,
        "Bund": 20,
        "Total": 4633859
    },
    "inhabitants": {
        "Baden-W\u00fcrttemberg": 11100394.0,
        "Bayern": 13124737.0,
        "Berlin": 3669491.0,
        "Brandenburg": 2521893.0,
        "Bremen": 681202.0,
        "Hamburg": 1847253.0,
        "Hessen": 6288080.0,
        "Mecklenburg-Vorpommern": 1608138.0,
        "Niedersachsen": 7993608.0,
        "Nordrhein-Westfalen": 17947221.0,
        "Rheinland-Pfalz": 4093903.0,
        "Saarland": 986887.0,
        "Sachsen": 4071971.0,
        "Sachsen-Anhalt": 2194782.0,
        "Schleswig-Holstein": 2903773.0,
        "Th\u00fcringen": 2133378.0,
        "Bund": null,
        "Total": 83166711.0
    },
    "vaccinated_rel": {
        "Baden-W\u00fcrttemberg": 5.3748182272,
        "Bayern": 6.1496470367,
        "Berlin": 6.5812942449,
        "Brandenburg": 4.4577624824,
        "Bremen": 5.7866829516,
        "Hamburg": 5.4707720058,
        "Hessen": 6.028231193,
        "Mecklenburg-Vorpommern": 5.0988783301,
        "Niedersachsen": 5.4769010439,
        "Nordrhein-Westfalen": 5.2586191478,
        "Rheinland-Pfalz": 4.7496484406,
        "Saarland": 5.6140165997,
        "Sachsen": 6.7740168091,
        "Sachsen-Anhalt": 4.8509601409,
        "Schleswig-Holstein": 4.4093322722,
        "Th\u00fcringen": 6.227869604,
        "Bund": null,
        "Total": 5.5717713786
    },
    "Timestamp": "2021-04-07T14:00:06.115095"
}