{
    "vaccinated_rel": {
        "Baden-W\u00fcrttemberg": 6.6266206407,
        "Bayern": 6.7702309006,
        "Berlin": 8.051661661,
        "Brandenburg": 6.6052366219,
        "Bremen": 7.2291332087,
        "Hamburg": 5.8182609529,
        "Hessen": 7.2149686391,
        "Mecklenburg-Vorpommern": 6.2729069271,
        "Niedersachsen": 6.3404410124,
        "Nordrhein-Westfalen": 6.5601855574,
        "Rheinland-Pfalz": 6.2086962002,
        "Saarland": 7.5180846439,
        "Sachsen": 7.3201159831,
        "Sachsen-Anhalt": 5.7643538174,
        "Schleswig-Holstein": 6.0024664462,
        "Th\u00fcringen": 8.1559854841,
        "ImpfzentrenBund": "-",
        "Total": 6.7130128544
    },
    "vaccinated_abs": {
        "Total": 5582992.0
    },
    "Timestamp": "2021-04-21T01:00:03.100462"
}