{
    "vaccinated_abs": {
        "Baden-W\u00fcrttemberg": 1271038,
        "Bayern": 1554388,
        "Berlin": 438215,
        "Brandenburg": 331783,
        "Bremen": 91975,
        "Hamburg": 213839,
        "Hessen": 712590,
        "Mecklenburg-Vorpommern": 170744,
        "Niedersachsen": 924260,
        "Nordrhein-Westfalen": 1938789,
        "Rheinland-Pfalz": 500800,
        "Saarland": 132003,
        "Sachsen": 409289,
        "Sachsen-Anhalt": 263011,
        "Schleswig-Holstein": 386046,
        "Th\u00fcringen": 281492,
        "Bund": 6960,
        "Total": 9627222
    },
    "inhabitants": {
        "Baden-W\u00fcrttemberg": 11100394.0,
        "Bayern": 13124737.0,
        "Berlin": 3669491.0,
        "Brandenburg": 2521893.0,
        "Bremen": 681202.0,
        "Hamburg": 1847253.0,
        "Hessen": 6288080.0,
        "Mecklenburg-Vorpommern": 1608138.0,
        "Niedersachsen": 7993608.0,
        "Nordrhein-Westfalen": 17947221.0,
        "Rheinland-Pfalz": 4093903.0,
        "Saarland": 986887.0,
        "Sachsen": 4071971.0,
        "Sachsen-Anhalt": 2194782.0,
        "Schleswig-Holstein": 2903773.0,
        "Th\u00fcringen": 2133378.0,
        "Bund": null,
        "Total": 83166711.0
    },
    "vaccinated_rel": {
        "Baden-W\u00fcrttemberg": 11.4503863557,
        "Bayern": 11.8431935055,
        "Berlin": 11.9421194929,
        "Brandenburg": 13.1561093195,
        "Bremen": 13.5018687555,
        "Hamburg": 11.5760537403,
        "Hessen": 11.3323939899,
        "Mecklenburg-Vorpommern": 10.6174967571,
        "Niedersachsen": 11.5624884283,
        "Nordrhein-Westfalen": 10.8027253913,
        "Rheinland-Pfalz": 12.2328252526,
        "Saarland": 13.375695495,
        "Sachsen": 10.0513731557,
        "Sachsen-Anhalt": 11.983468062,
        "Schleswig-Holstein": 13.2946342569,
        "Th\u00fcringen": 13.1946612368,
        "Bund": null,
        "Total": 11.5758118654
    },
    "Timestamp": "2021-04-01T11:00:04.458518"
}