{
    "vaccinated_abs": {
        "Baden-W\u00fcrttemberg": 122057.0,
        "Bayern": 220318.0,
        "Berlin": 55134.0,
        "Brandenburg": 41094.0,
        "Bremen": 12866.0,
        "Hamburg": 26517.0,
        "Hessen": 74071.0,
        "Mecklenburg-Vorpommern": 39116.0,
        "Niedersachsen": 94116.0,
        "Nordrhein-Westfalen": 218699.0,
        "Rheinland-Pfalz": 91423.0,
        "Saarland": 16957.0,
        "Sachsen": 53663.0,
        "Sachsen-Anhalt": 34411.0,
        "Schleswig-Holstein": 69126.0,
        "Th\u00fcringen": 25975.0,
        "Total": 1195543.0
    },
    "inhabitants": {
        "Baden-W\u00fcrttemberg": 11100394,
        "Bayern": 13124737,
        "Berlin": 3669491,
        "Brandenburg": 2521893,
        "Bremen": 681202,
        "Hamburg": 1847253,
        "Hessen": 6288080,
        "Mecklenburg-Vorpommern": 1608138,
        "Niedersachsen": 7993608,
        "Nordrhein-Westfalen": 17947221,
        "Rheinland-Pfalz": 4093903,
        "Saarland": 986887,
        "Sachsen": 4071971,
        "Sachsen-Anhalt": 2194782,
        "Schleswig-Holstein": 2903773,
        "Th\u00fcringen": 2133378,
        "Total": 83166711
    },
    "vaccinated_rel": {
        "Baden-W\u00fcrttemberg": 1.0995735827,
        "Bayern": 1.6786469702,
        "Berlin": 1.5024972128,
        "Brandenburg": 1.6294902282,
        "Bremen": 1.8887202328,
        "Hamburg": 1.4354828494,
        "Hessen": 1.1779589318,
        "Mecklenburg-Vorpommern": 2.4323783158,
        "Niedersachsen": 1.1773907352,
        "Nordrhein-Westfalen": 1.2185674874,
        "Rheinland-Pfalz": 2.2331501259,
        "Saarland": 1.7182311653,
        "Sachsen": 1.3178630201,
        "Sachsen-Anhalt": 1.5678550307,
        "Schleswig-Holstein": 2.3805579844,
        "Th\u00fcringen": 1.2175526325,
        "Total": 1.437525887
    },
    "Timestamp": "2021-01-20T05:00:05.499799"
}