{
    "vaccinated_abs": {
        "Baden-W\u00fcrttemberg": 12649.0,
        "Bayern": 28206.0,
        "Berlin": 9084.0,
        "Brandenburg": 3036.0,
        "Bremen": 1691.0,
        "Hamburg": 2040.0,
        "Hessen": 15674.0,
        "Mecklenburg-Vorpommern": 11101.0,
        "Niedersachsen": 2705.0,
        "Nordrhein-Westfalen": 19930.0,
        "Rheinland-Pfalz": 4247.0,
        "Saarland": 2119.0,
        "Sachsen": 2653.0,
        "Sachsen-Anhalt": 10100.0,
        "Schleswig-Holstein": 5581.0,
        "Th\u00fcringen": 810.0,
        "Total": 131626.0
    },
    "inhabitants": {
        "Baden-W\u00fcrttemberg": 11100394,
        "Bayern": 13124737,
        "Berlin": 3669491,
        "Brandenburg": 2521893,
        "Bremen": 681202,
        "Hamburg": 1847253,
        "Hessen": 6288080,
        "Mecklenburg-Vorpommern": 1608138,
        "Niedersachsen": 7993608,
        "Nordrhein-Westfalen": 17947221,
        "Rheinland-Pfalz": 4093903,
        "Saarland": 986887,
        "Sachsen": 4071971,
        "Sachsen-Anhalt": 2194782,
        "Schleswig-Holstein": 2903773,
        "Th\u00fcringen": 2133378,
        "Total": 83166711
    },
    "vaccinated_rel": {
        "Baden-W\u00fcrttemberg": 0.1139509102,
        "Bayern": 0.2149071635,
        "Berlin": 0.2475547699,
        "Brandenburg": 0.1203857578,
        "Bremen": 0.248237674,
        "Hamburg": 0.1104342502,
        "Hessen": 0.2492652765,
        "Mecklenburg-Vorpommern": 0.6903014542,
        "Niedersachsen": 0.0338395378,
        "Nordrhein-Westfalen": 0.111047833,
        "Rheinland-Pfalz": 0.1037396343,
        "Saarland": 0.2147155652,
        "Sachsen": 0.0651527233,
        "Sachsen-Anhalt": 0.460182378,
        "Schleswig-Holstein": 0.1921982194,
        "Th\u00fcringen": 0.037967955,
        "Total": 0.1582676511
    },
    "Timestamp": "2021-01-01T10:00:03.885622"
}